survey_id,school_number,school_sliders,school_poppers,school_dimpling,school_id
DE426,1,0,0,10,DE426-1
DE426,2,0,1,0,DE426-2
DE426,3,0,1,1,DE426-3
DE426,4,0,0,10,DE426-4
DE426,5,0,1,10,DE426-5
DE426,6,0,1,0,DE426-6
DE428,1,0,1,10,DE428-1
DE440,1,1,1,1,DE440-1
DE440,2,0,0,10,DE440-2
DE440,3,0,0,10,DE440-3
DE440,4,0,0,1,DE440-4
DE440,5,0,0,10,DE440-5
DE440,6,0,1,0,DE440-6
DE440,7,0,0,10,DE440-7
DE440,8,0,0,1,DE440-8
DE440,9,0,0,1,DE440-9
DE440,10,0,0,1,DE440-10
DE440,11,0,0,1,DE440-11
DE440,12,0,0,10,DE440-12
DE440,13,0,1,10,DE440-13
DE440,14,0,0,1,DE440-14
DE440,15,0,0,10,DE440-15
DE440,16,0,0,10,DE440-16
DE440,17,0,0,10,DE440-17
DE440,18,0,0,10,DE440-18
DE440,19,0,0,1,DE440-19
DE403,1,0,0,1,DE403-1
DE403,2,0,0,1,DE403-2
DE403,3,0,0,1,DE403-3
DE403,4,0,0,10,DE403-4
DE403,5,0,0,1,DE403-5
DE403,6,0,1,0,DE403-6
DE403,7,0,0,1,DE403-7
DE403,8,0,1,0,DE403-8
DE403,9,0,0,1,DE403-9
DE403,10,0,1,0,DE403-10
DE403,11,0,0,1,DE403-11
DE403,12,0,0,10,DE403-12
DE403,13,0,0,10,DE403-13
DE403,14,0,1,1,DE403-14
DE403,15,0,1,0,DE403-15
DE403,16,0,0,1,DE403-16
DE415,1,0,1,0,DE415-1
DE427,1,0,1,0,DE427-1
DE365,1,1,0,0,DE365-1
DE365,2,1,0,0,DE365-2
JE326,1,0,0,10,JE326-1
JE326,2,0,0,10,JE326-2
JE326,3,0,0,10,JE326-3
JE326,4,0,0,1,JE326-4
JE326,5,0,0,1,JE326-5
JE326,6,0,1,1,JE326-6
JE326,7,0,1,0,JE326-7
JE326,8,0,1,0,JE326-8
JE326,9,0,1,0,JE326-9
JE326,10,0,1,1,JE326-10
JE326,11,0,1,1,JE326-11
JE326,12,0,1,1,JE326-12
JE326,13,0,0,1,JE326-13
JE326,14,0,0,10,JE326-14
JE326,15,0,0,1,JE326-15
JE326,16,0,0,10,JE326-16
JE326,17,0,0,1,JE326-17
JE326,18,0,1,0,JE326-18
JE326,19,0,1,0,JE326-19
JE326,20,0,0,1,JE326-20
JE326,21,0,0,1,JE326-21
JE326,22,0,0,1,JE326-22
JE326,23,0,0,1,JE326-23
JE326,24,0,1,1,JE326-24
JE326,25,0,0,1,JE326-25
JE326,26,0,0,1,JE326-26
JE326,27,0,0,10,JE326-27
JE326,28,0,0,1,JE326-28
JE326,29,0,0,10,JE326-29
JE326,30,0,1,0,JE326-30
JE326,31,0,1,1,JE326-31
JE326,32,0,1,0,JE326-32
JE326,33,0,0,10,JE326-33
JE327,1,0,1,0,JE327-1
JE327,2,0,1,0,JE327-2
JE327,3,0,1,0,JE327-3
JE327,4,0,1,0,JE327-4
JE327,5,0,0,1,JE327-5
JE327,6,0,1,10,JE327-6
JE327,7,0,1,0,JE327-7
JE327,8,0,1,0,JE327-8
JE327,9,0,1,0,JE327-9
DE439,1,0,1,0,DE439-1
DE439,2,0,1,0,DE439-2
DE405,1,1,0,0,DE405-1
DE429,1,1,1,10,DE429-1
DE429,2,0,1,0,DE429-2
DE429,3,1,1,0,DE429-3
DE429,4,0,1,0,DE429-4
DE367,1,0,0,10,DE367-1
DE367,2,0,0,10,DE367-2
DE367,3,0,0,1,DE367-3
DE367,4,1,0,0,DE367-4
DE367,5,0,0,10,DE367-5
DE367,6,0,0,10,DE367-6
DE367,7,1,0,100,DE367-7
DE367,8,0,1,100,DE367-8
DE367,9,0,0,10,DE367-9
DE367,10,0,0,100,DE367-10
DE367,11,0,0,10,DE367-11
DE441,1,0,1,0,DE441-1
DE424,1,1,0,0,DE424-1
DE412,1,0,1,0,DE412-1
DE412,2,1,0,0,DE412-2
DE412,3,0,0,1,DE412-3
DE436,1,1,0,1,DE436-1
DE436,2,1,0,0,DE436-2
DE436,3,1,0,0,DE436-3
DE436,4,1,0,0,DE436-4
DE436,5,1,0,0,DE436-5
DE436,6,10,0,0,DE436-6
DE436,7,1,0,1,DE436-7
DE436,8,1,0,0,DE436-8
DE436,9,1,0,0,DE436-9
DE436,10,1,0,0,DE436-10
DE436,11,1,0,0,DE436-11
DE436,12,1,0,0,DE436-12
DE436,13,1,0,0,DE436-13
DE436,14,0,1,0,DE436-14
DE436,15,0,1,0,DE436-15
DE369,1,1,0,0,DE369-1
DE369,2,1,0,0,DE369-2
DE369,3,0,0,1,DE369-3
DE369,4,1,0,0,DE369-4
DE369,5,1,0,0,DE369-5
DE369,6,0,1,0,DE369-6
DE369,7,0,1,0,DE369-7
JE328,1,0,0,1,JE328-1
JE328,2,0,1,0,JE328-2
JE328,3,0,1,0,JE328-3
JE328,4,0,1,0,JE328-4
JE328,5,0,1,0,JE328-5
JE328,6,0,1,0,JE328-6
JE332,1,0,0,10,JE332-1
JE332,2,0,0,10,JE332-2
JE332,3,0,1,10,JE332-3
JE332,4,0,0,10,JE332-4
JE332,5,0,0,1,JE332-5
JE332,6,0,0,10,JE332-6
JE332,7,0,0,10,JE332-7
JE332,8,0,0,1,JE332-8
JE332,9,0,0,10,JE332-9
JE333,1,0,0,1,JE333-1
JE333,2,0,0,10,JE333-2
JE333,3,0,0,0,JE333-3
JE333,4,0,0,10,JE333-4
JE333,5,0,0,100,JE333-5
JE333,6,0,0,10,JE333-6
JE333,7,0,0,10,JE333-7
DE422,1,0,1,0,DE422-1
DE422,2,0,1,0,DE422-2
DE422,3,0,0,1,DE422-3
DE422,4,1,0,0,DE422-4
DE370,1,0,1,0,DE370-1
DE370,2,0,0,100,DE370-2
DE370,3,0,0,100,DE370-3
DE370,4,0,1,0,DE370-4
DE370,5,1,1,0,DE370-5
DE370,6,1,1,0,DE370-6
DE370,7,1,0,0,DE370-7
DE370,8,0,0,1,DE370-8
DE370,9,0,1,0,DE370-9
DE370,10,0,0,10,DE370-10
DE370,11,1,0,0,DE370-11
DE370,12,0,0,1,DE370-12
DE370,13,1,0,0,DE370-13
DE370,14,0,0,10,DE370-14
DE370,15,1,0,0,DE370-15
DE370,16,0,0,1,DE370-16
JE304,1,1,0,0,JE304-1
JE304,2,0,1,100,JE304-2
JE304,3,10,0,100,JE304-3
JE304,4,1,0,10,JE304-4
JE304,5,0,0,10,JE304-5
JE304,6,10,0,10,JE304-6
JE304,7,0,0,100,JE304-7
JE304,8,10,0,0,JE304-8
JE304,9,1,1,10,JE304-9
JE304,10,0,1,0,JE304-10
JE304,11,0,1,0,JE304-11
JE304,12,10,0,100,JE304-12
JE304,13,10,0,100,JE304-13
JE304,14,0,0,10,JE304-14
JE304,15,1,1,10,JE304-15
JE304,16,0,0,1,JE304-16
JE304,17,10,10,0,JE304-17
JE304,18,10,1,10,JE304-18
JE304,19,1,1,0,JE304-19
JE304,20,1,1,1,JE304-20
JE304,21,10,0,1,JE304-21
JE304,22,0,0,1,JE304-22
JE304,23,0,1,0,JE304-23
JE304,24,0,10,0,JE304-24
JE304,25,0,0,10,JE304-25
JE305,1,1,0,0,JE305-1
JE305,2,1,1,100,JE305-2
JE305,3,1,0,0,JE305-3
JE305,4,1,0,0,JE305-4
JE334,1,0,1,0,JE334-1
JE334,2,0,1,0,JE334-2
JE334,3,0,1,0,JE334-3
JE334,4,0,1,0,JE334-4
JE334,5,0,1,0,JE334-5
JE334,6,0,1,0,JE334-6
JE334,7,0,1,0,JE334-7
JE334,8,0,1,0,JE334-8
JE334,9,0,1,0,JE334-9
JE334,10,0,1,0,JE334-10
JE334,11,0,1,0,JE334-11
JE334,12,0,1,0,JE334-12
JE334,13,0,1,0,JE334-13
JE334,14,0,1,0,JE334-14
JE334,15,0,1,0,JE334-15
JE334,16,0,1,0,JE334-16
JE334,17,0,1,0,JE334-17
JE334,18,0,1,0,JE334-18
JE334,19,0,1,0,JE334-19
JE334,20,0,1,0,JE334-20
JE334,21,0,1,0,JE334-21
JE334,22,0,1,0,JE334-22
JE334,23,0,0,1,JE334-23
JE336,1,0,1,0,JE336-1
JE336,2,0,1,0,JE336-2
DE371,1,0,0,1,DE371-1
DE371,2,0,0,1,DE371-2
DE371,3,1,0,0,DE371-3
DE371,4,1,0,0,DE371-4
DE371,5,10,0,100,DE371-5
DE371,6,0,0,1,DE371-6
DE371,7,1,0,1,DE371-7
DE371,8,0,0,1,DE371-8
DE371,9,0,0,1,DE371-9
DE371,10,0,0,1,DE371-10
DE371,11,1,0,0,DE371-11
DE371,12,0,0,10,DE371-12
DE371,13,1,0,0,DE371-13
DE371,14,10,0,0,DE371-14
DE371,15,1,0,10,DE371-15
DE371,16,0,0,1,DE371-16
DE371,17,1,0,0,DE371-17
DE371,18,1,0,1,DE371-18
DE371,19,0,0,1,DE371-19
DE371,20,0,0,1,DE371-20
DE371,21,0,0,1,DE371-21
DE371,22,1,0,0,DE371-22
DE371,23,10,0,0,DE371-23
DE371,24,10,0,1,DE371-24
DE371,25,10,0,0,DE371-25
DE371,26,1,0,0,DE371-26
DE371,27,1,0,0,DE371-27
DE371,28,1,0,0,DE371-28
DE371,29,0,0,1,DE371-29
DE371,30,1,0,0,DE371-30
DE371,31,1,0,1,DE371-31
DE371,32,1,0,0,DE371-32
DE371,33,0,0,1,DE371-33
DE371,34,100,0,100,DE371-34
JE306,1,0,1,0,JE306-1
JE306,2,0,1,0,JE306-2
JE306,3,1,0,0,JE306-3
JE306,4,1,1,0,JE306-4
JE306,5,10,0,0,JE306-5
JE306,6,10,0,0,JE306-6
JE306,7,0,1,0,JE306-7
JE306,8,1,0,0,JE306-8
JE306,9,0,1,0,JE306-9
JE306,10,0,1,0,JE306-10
JE306,11,10,0,0,JE306-11
JE306,12,10,0,0,JE306-12
JE306,13,100,0,0,JE306-13
JE306,14,100,0,0,JE306-14
JE306,15,0,1,0,JE306-15
JE306,16,10,1,0,JE306-16
JE306,17,1,1,10,JE306-17
JE306,18,100,0,0,JE306-18
JE306,19,10,1,0,JE306-19
JE306,20,10,1,0,JE306-20
JE306,21,100,10,100,JE306-21
JE306,22,0,0,10,JE306-22
JE306,23,1,0,0,JE306-23
JE306,24,1,0,1,JE306-24
JE306,25,1,10,0,JE306-25
JE306,26,10,1,0,JE306-26
JE306,27,0,10,10,JE306-27
JE306,28,10,1,100,JE306-28
JE306,29,1,0,0,JE306-29
JE306,30,0,1,0,JE306-30
JE306,31,1,1,10,JE306-31
JE306,32,10,1,10,JE306-32
JE306,33,1,1,10,JE306-33
JE306,34,10,1,10,JE306-34
JE307,1,0,0,10,JE307-1
JE307,2,0,0,1,JE307-2
JE307,3,0,0,1,JE307-3
JE307,4,1,0,10,JE307-4
JE307,5,1,1,0,JE307-5
JE307,6,0,0,10,JE307-6
JE307,7,10,1,10,JE307-7
JE307,8,1,0,10,JE307-8
JE307,9,0,1,1,JE307-9
JE307,10,0,1,0,JE307-10
JE307,11,1,0,10,JE307-11
JE307,12,1,0,0,JE307-12
JE307,13,0,1,1,JE307-13
JE307,14,0,0,10,JE307-14
JE307,15,1,0,0,JE307-15
JE307,16,1,0,1,JE307-16
JE307,17,1,1,0,JE307-17
JE307,18,0,0,1,JE307-18
JE307,19,1,0,0,JE307-19
JE307,20,0,1,0,JE307-20
JE307,21,1,0,1,JE307-21
JE307,22,0,0,10,JE307-22
JE307,23,0,1,0,JE307-23
JE307,24,0,0,1,JE307-24
JE307,25,10,0,100,JE307-25
DE400,1,0,1,0,DE400-1
DE400,2,0,0,1,DE400-2
DE400,3,0,0,10,DE400-3
DE400,4,0,1,0,DE400-4
DE400,5,0,0,1,DE400-5
DE400,6,0,1,0,DE400-6
DE400,7,0,0,1,DE400-7
DE400,8,0,0,1,DE400-8
DE396,1,10,0,0,DE396-1
DE396,2,0,0,1,DE396-2
DE396,3,1,0,0,DE396-3
DE396,4,0,0,10,DE396-4
DE396,5,0,0,10,DE396-5
DE396,6,1,0,1,DE396-6
DE396,7,0,1,0,DE396-7
DE396,8,1,0,0,DE396-8
DE396,9,1,0,0,DE396-9
DE372,1,1,0,0,DE372-1
DE372,2,0,1,0,DE372-2
DE372,3,1,0,0,DE372-3
DE372,4,0,1,0,DE372-4
DE372,5,0,1,0,DE372-5
DE372,6,0,1,0,DE372-6
DE376,1,1,0,0,DE376-1
DE376,2,1,0,0,DE376-2
DE376,3,0,0,1,DE376-3
DE376,4,1,0,0,DE376-4
DE376,5,0,1,0,DE376-5
DE376,6,0,1,0,DE376-6
DE377,1,1,0,0,DE377-1
DE377,2,1,0,0,DE377-2
DE377,3,1,0,0,DE377-3
DE377,4,1,0,0,DE377-4
DE377,5,0,0,1,DE377-5
DE377,6,1,0,0,DE377-6
DE377,7,1,0,0,DE377-7
DE377,8,10,0,0,DE377-8
DE377,9,1,0,0,DE377-9
DE377,10,1,0,0,DE377-10
DE377,11,1,0,0,DE377-11
DE377,12,1,0,10,DE377-12
DE408,1,1,0,0,DE408-1
DE408,2,1,0,0,DE408-2
DE420,1,0,1,0,DE420-1
JE337,1,0,1,0,JE337-1
JE337,2,0,0,1,JE337-2
JE337,3,1,0,0,JE337-3
JE337,4,0,0,1,JE337-4
JE337,5,1,0,0,JE337-5
JE337,6,0,1,0,JE337-6
JE337,7,10,0,0,JE337-7
JE337,8,1,0,0,JE337-8
JE337,9,1,0,0,JE337-9
JE337,10,10,0,1,JE337-10
JE337,11,10,0,0,JE337-11
JE337,12,10,0,0,JE337-12
JE337,13,1,0,0,JE337-13
JE337,14,10,0,0,JE337-14
JE337,15,10,0,10,JE337-15
JE337,16,1,0,0,JE337-16
JE337,17,10,0,0,JE337-17
JE337,18,0,1,0,JE337-18
JE337,19,10,0,0,JE337-19
JE337,20,100,10,10,JE337-20
JE337,21,0,0,10,JE337-21
JE308,1,1,0,0,JE308-1
JE308,2,0,0,1,JE308-2
JE308,3,1,0,100,JE308-3
JE308,4,1,0,0,JE308-4
DE378,1,1,0,0,DE378-1
DE378,2,1,0,0,DE378-2
DE378,3,1,1,0,DE378-3
DE432,1,0,1,0,DE432-1
JE309,1,0,0,100,JE309-1
JE309,2,10,0,1000,JE309-2
JE309,3,1,0,100,JE309-3
JE309,4,10,0,1000,JE309-4
JE309,5,1,0,100,JE309-5
JE309,6,0,0,1000,JE309-6
JE309,7,0,0,10,JE309-7
JE309,8,10,0,100,JE309-8
JE309,9,10,1,1000,JE309-9
JE309,10,0,0,100,JE309-10
JE309,11,0,0,1000,JE309-11
JE309,12,10,0,1000,JE309-12
JE309,13,1,0,1000,JE309-13
JE309,14,10,0,1000,JE309-14
JE309,15,1,0,100,JE309-15
JE309,16,0,1,100,JE309-16
JE309,17,10,0,100,JE309-17
JE309,18,10,0,10,JE309-18
JE309,19,0,0,1000,JE309-19
JE309,20,10,0,100,JE309-20
JE309,21,0,0,10,JE309-21
JE309,22,0,1,100,JE309-22
JE309,23,0,0,10,JE309-23
JE309,24,0,0,10,JE309-24
JE309,25,0,0,100,JE309-25
JE309,26,1,1,1000,JE309-26
JE309,27,1,0,10,JE309-27
JE309,28,1,1,1000,JE309-28
JE309,29,10,1,0,JE309-29
JE309,30,0,0,10,JE309-30
JE309,31,0,0,10,JE309-31
JE309,32,1,1,0,JE309-32
JE309,33,0,0,100,JE309-33
JE309,34,1,0,1000,JE309-34
JE309,35,0,0,10,JE309-35
JE309,36,0,1,100,JE309-36
JE309,37,10,0,1000,JE309-37
JE309,38,1,0,100,JE309-38
JE309,39,0,0,100,JE309-39
JE309,40,1,0,0,JE309-40
JE309,41,10,10,1000,JE309-41
DE398,1,1,0,0,DE398-1
DE398,2,1,0,0,DE398-2
DE398,3,1,0,0,DE398-3
DE398,4,0,1,0,DE398-4
DE398,5,0,1,0,DE398-5
DE373,1,1,0,0,DE373-1
DE373,2,1,0,0,DE373-2
DE373,3,1,0,0,DE373-3
DE373,4,1,0,0,DE373-4
DE373,5,1,0,0,DE373-5
DE373,6,1,0,0,DE373-6
DE373,7,1,0,0,DE373-7
DE373,8,1,0,0,DE373-8
DE373,9,0,1,0,DE373-9
DE373,10,0,1,0,DE373-10
DE373,11,1,0,0,DE373-11
DE373,12,1,0,0,DE373-12
DE394,1,1,0,0,DE394-1
DE394,2,1,0,0,DE394-2
DE394,3,1,0,0,DE394-3
DE394,4,1,0,0,DE394-4
JE310,1,1,0,0,JE310-1
JE310,2,1,0,0,JE310-2
JE310,3,0,1,0,JE310-3
JE310,4,0,1,1,JE310-4
JE310,5,1,0,0,JE310-5
JE310,6,1,0,0,JE310-6
JE310,7,1,0,1,JE310-7
JE310,8,0,1,0,JE310-8
JE310,9,0,1,0,JE310-9
JE310,10,1,0,0,JE310-10
JE310,11,1,0,0,JE310-11
JE310,12,1,0,0,JE310-12
JE310,13,1,10,0,JE310-13
JE310,14,0,0,10,JE310-14
JE310,15,1,0,0,JE310-15
JE310,16,10,0,0,JE310-16
JE310,17,1,0,0,JE310-17
JE310,18,1,0,0,JE310-18
JE310,19,1,0,0,JE310-19
JE310,20,0,1,0,JE310-20
JE310,21,1,1,0,JE310-21
JE310,22,10,1,1,JE310-22
JE310,23,1,0,0,JE310-23
JE310,24,0,1,0,JE310-24
JE310,25,10,0,0,JE310-25
JE311,1,1,0,1,JE311-1
JE311,2,1,0,0,JE311-2
JE311,3,1,1,0,JE311-3
JE311,4,1,0,0,JE311-4
DE374,1,1,10,0,DE374-1
DE374,2,1,10,100,DE374-2
DE374,3,0,1,0,DE374-3
DE374,4,1,10,0,DE374-4
DE374,5,1,1,0,DE374-5
DE374,6,0,1,0,DE374-6
DE374,7,1,0,0,DE374-7
DE374,8,1,0,0,DE374-8
DE374,9,1,1,0,DE374-9
DE374,10,0,1,1,DE374-10
DE374,11,1,0,1,DE374-11
DE374,12,0,0,10,DE374-12
DE374,13,1,0,0,DE374-13
DE374,14,0,1,0,DE374-14
DE374,15,1,0,0,DE374-15
DE379,1,1,0,0,DE379-1
DE379,2,0,1,0,DE379-2
DE375,1,0,1,0,DE375-1
DE375,2,0,1,0,DE375-2
DE375,3,1,0,0,DE375-3
DE375,4,0,1,0,DE375-4
DE375,5,0,1,0,DE375-5
DE375,6,0,1,0,DE375-6
DE380,1,10,1,0,DE380-1
DE380,2,0,1,10,DE380-2
DE380,3,10,1,1,DE380-3
DE380,4,0,0,1,DE380-4
DE380,5,1,1,0,DE380-5
DE380,6,0,0,1,DE380-6
DE380,7,0,0,1,DE380-7
DE380,8,0,0,10,DE380-8
DE380,9,0,0,1,DE380-9
DE380,10,0,0,1,DE380-10
DE380,11,1,0,0,DE380-11
DE380,12,1,0,1,DE380-12
DE380,13,1,0,10,DE380-13
DE380,14,1,0,0,DE380-14
DE380,15,1,0,0,DE380-15
DE380,16,0,0,1,DE380-16
DE380,17,0,0,1,DE380-17
DE380,18,1,0,0,DE380-18
JE314,1,0,1,10,JE314-1
JE314,2,0,0,10,JE314-2
JE314,3,1,0,1,JE314-3
JE314,4,0,1,0,JE314-4
JE314,5,1,0,100,JE314-5
JE314,6,1,0,0,JE314-6
JE314,7,10,0,10,JE314-7
JE314,8,10,0,100,JE314-8
JE314,9,1,1,100,JE314-9
JE314,10,1,0,0,JE314-10
JE314,11,1,0,1,JE314-11
JE314,12,10,0,0,JE314-12
JE314,13,10,0,1000,JE314-13
JE314,14,10,0,100,JE314-14
JE314,15,10,0,10,JE314-15
JE314,16,10,0,100,JE314-16
JE314,17,10,0,0,JE314-17
JE314,18,10,0,10,JE314-18
JE314,19,1,0,0,JE314-19
JE314,20,10,0,0,JE314-20
JE314,21,10,0,0,JE314-21
JE314,22,10,0,10,JE314-22
JE314,23,10,0,100,JE314-23
JE314,24,0,0,10,JE314-24
JE314,25,1,0,10,JE314-25
JE314,26,1,0,100,JE314-26
JE314,27,1,0,0,JE314-27
JE314,28,10,0,1000,JE314-28
JE314,29,1,1,10,JE314-29
JE314,30,10,0,0,JE314-30
DE395,1,1,10,0,DE395-1
DE395,2,0,1,0,DE395-2
DE395,3,1,0,0,DE395-3
DE395,4,1,1,1,DE395-4
DE395,5,1,0,0,DE395-5
DE395,6,0,1,0,DE395-6
DE395,7,10,1,0,DE395-7
DE395,8,1,0,0,DE395-8
DE395,9,0,0,1,DE395-9
DE395,10,1,1,0,DE395-10
DE395,11,1,0,0,DE395-11
DE397,1,1,0,1,DE397-1
DE397,2,1,0,0,DE397-2
DE397,3,0,0,1,DE397-3
DE397,4,1,1,0,DE397-4
DE397,5,0,1,0,DE397-5
DE399,1,0,1,0,DE399-1
JE312,1,0,1,0,JE312-1
JE312,2,100,0,0,JE312-2
JE312,3,0,1,0,JE312-3
JE312,4,0,0,10,JE312-4
JE312,5,0,0,100,JE312-5
JE312,6,10,0,100,JE312-6
JE312,7,10,0,100,JE312-7
JE312,8,10,0,0,JE312-8
JE312,9,0,0,10,JE312-9
JE312,10,0,0,10,JE312-10
JE312,11,1,1,100,JE312-11
JE312,12,1,0,100,JE312-12
JE312,13,1,0,1,JE312-13
JE312,14,10,0,100,JE312-14
JE312,15,10,1,0,JE312-15
JE312,16,10,0,100,JE312-16
JE312,17,10,0,0,JE312-17
JE312,18,10,0,10,JE312-18
JE312,19,1,0,10,JE312-19
JE312,20,1,0,0,JE312-20
JE312,21,10,1,10,JE312-21
JE312,22,10,0,100,JE312-22
JE313,1,10,1,100,JE313-1
JE313,2,100,10,1000,JE313-2
JE313,3,1,0,10,JE313-3
JE313,4,10,1,100,JE313-4
JE313,5,10,0,10,JE313-5
JE313,6,1,0,100,JE313-6
JE313,7,1,0,100,JE313-7
JE313,8,10,0,10,JE313-8
JE313,9,1,0,10,JE313-9
JE313,10,1,0,10,JE313-10
JE313,11,10,0,0,JE313-11
JE313,12,1,0,10,JE313-12
DE381,1,1,0,0,DE381-1
DE381,2,0,1,0,DE381-2
DE381,3,0,1,0,DE381-3
DE381,4,0,1,0,DE381-4
DE381,5,1,0,0,DE381-5
DE381,6,1,0,0,DE381-6
DE381,7,1,1,0,DE381-7
DE381,8,1,0,0,DE381-8
DE381,9,1,1,0,DE381-9
DE381,10,10,0,0,DE381-10
DE381,11,1,1000,0,DE381-11
DE381,12,0,1,0,DE381-12
JE316,1,10,0,10,JE316-1
JE316,2,0,1,0,JE316-2
JE316,3,0,1,0,JE316-3
JE316,4,1,1,100,JE316-4
JE316,5,0,0,100,JE316-5
JE316,6,1,0,0,JE316-6
JE316,7,1,0,0,JE316-7
JE316,8,1,0,10,JE316-8
JE316,9,10,0,10,JE316-9
JE316,10,1,0,1,JE316-10
JE316,11,1,0,10,JE316-11
JE316,12,1,0,10,JE316-12
JE316,13,1,0,10,JE316-13
JE316,14,10,1,10,JE316-14
JE316,15,0,0,10,JE316-15
JE316,16,1,0,1,JE316-16
JE316,17,1,0,10,JE316-17
JE316,18,0,0,10,JE316-18
JE316,19,1,0,10,JE316-19
JE316,20,0,1,0,JE316-20
JE338,1,1,10,100,JE338-1
JE338,2,1,10,10,JE338-2
JE338,3,10,0,100,JE338-3
JE338,4,10,1,100,JE338-4
JE338,5,100,10,1000,JE338-5
JE338,6,1,0,10,JE338-6
JE338,7,0,1,100,JE338-7
JE338,8,1,0,10,JE338-8
JE338,9,10,1,10,JE338-9
JE338,10,1,1,10,JE338-10
JE338,11,10,1,100,JE338-11
JE338,12,1,0,0,JE338-12
JE338,13,1,1,10,JE338-13
JE338,14,100,10,1000,JE338-14
JE338,15,10,1,100,JE338-15
JE338,16,1,0,10,JE338-16
JE338,17,10,0,100,JE338-17
JE338,18,10,0,10,JE338-18
JE363,1,0,0,10,JE363-1
JE363,2,10,0,0,JE363-2
JE363,3,1,0,1,JE363-3
JE363,4,1,10,10,JE363-4
JE363,5,10,0,10,JE363-5
JE363,6,1,1,1,JE363-6
JE363,7,10,1,0,JE363-7
JE363,8,1,1,10,JE363-8
JE363,9,10,0,100,JE363-9
JE363,10,10,1,10,JE363-10
JE363,11,10,1,10,JE363-11
JE363,12,10,1,10,JE363-12
JE363,13,10,10,10,JE363-13
JE315,1,0,1,10,JE315-1
JE315,2,0,1,10,JE315-2
JE315,3,10,10,100,JE315-3
JE315,4,1,10,100,JE315-4
JE315,5,0,10,10,JE315-5
JE315,6,1,0,0,JE315-6
JE315,7,10,1,0,JE315-7
JE315,8,10,10,100,JE315-8
JE315,9,10,10,100,JE315-9
JE340,1,1,0,10,JE340-1
JE340,2,1,0,0,JE340-2
JE340,3,10,1,0,JE340-3
JE340,4,1,0,10,JE340-4
JE340,5,10,0,10,JE340-5
JE340,6,10,0,10,JE340-6
JE341,1,10,10,0,JE341-1
JE341,2,10,0,0,JE341-2
JE341,3,1,0,0,JE341-3
JE341,4,0,1,0,JE341-4
JE341,5,10,1,10,JE341-5
JE341,6,1,0,0,JE341-6
JE341,7,1,0,0,JE341-7
JE341,8,10,10,0,JE341-8
JE341,9,1,0,0,JE341-9
JE341,10,10,0,0,JE341-10
JE341,11,10,1,0,JE341-11
JE341,12,10,1,10,JE341-12
JE341,13,1,0,0,JE341-13
DE501,1,0,0,1,DE501-1
DE501,2,0,0,1,DE501-2
DE505,1,0,1,0,DE505-1
DE506,1,0,0,1,DE506-1
DE506,2,0,1,1,DE506-2
DE506,3,0,1,0,DE506-3
DE506,4,0,0,1,DE506-4
DE506,5,0,0,1,DE506-5
DE506,6,0,1,0,DE506-6
DE506,7,0,1,1,DE506-7
DE506,8,0,0,10,DE506-8
DE506,9,0,0,1,DE506-9
DE506,10,0,0,1,DE506-10
DE506,11,0,1,0,DE506-11
DE510,1,0,1,10,DE510-1
DE510,2,0,1,0,DE510-2
DE510,3,0,0,1,DE510-3
DE510,4,0,0,1,DE510-4
DE510,5,0,0,10,DE510-5
DE510,6,0,0,10,DE510-6
JE412,1,1,0,0,JE412-1
JE412,2,0,0,1,JE412-2
JE412,3,0,0,1,JE412-3
JE412,4,0,0,1,JE412-4
JE412,5,1,1,1,JE412-5
JE412,6,0,1,0,JE412-6
DE516,1,0,0,1,DE516-1
DE516,2,0,1,0,DE516-2
JE401,1,0,1,0,JE401-1
JE401,2,0,1,0,JE401-2
JE401,3,0,1,0,JE401-3
JE401,4,0,0,1,JE401-4
JE401,5,0,1,1,JE401-5
JE401,6,0,1,0,JE401-6
JE401,7,0,0,1,JE401-7
JE401,8,0,1,10,JE401-8
JE401,9,0,0,10,JE401-9
JE401,10,0,1,1,JE401-10
JE401,11,0,0,100,JE401-11
JE401,12,0,1,10,JE401-12
JE402,1,0,1,1,JE402-1
JE402,2,0,0,1,JE402-2
JE402,3,0,1,1,JE402-3
JE402,4,0,1,0,JE402-4
JE402,5,0,1,0,JE402-5
JE402,6,0,1,0,JE402-6
JE402,7,0,1,0,JE402-7
JE402,8,0,1,0,JE402-8
JE402,9,0,1,1,JE402-9
JE402,10,0,0,1,JE402-10
JE403,1,0,1,0,JE403-1
JE404,1,0,0,10,JE404-1
JE404,2,0,0,1,JE404-2
DE517,1,0,0,0,DE517-1
DE517,2,0,1,0,DE517-2
DE517,3,0,0,1,DE517-3
DE517,4,0,0,1,DE517-4
DE517,5,0,0,0,DE517-5
DE517,6,0,0,1,DE517-6
DE517,7,0,0,1,DE517-7
DE517,8,0,10,1,DE517-8
DE517,9,0,1,1,DE517-9
DE517,10,0,1,0,DE517-10
DE517,11,0,10,1,DE517-11
DE517,12,0,1,1,DE517-12
DE517,13,1,1,0,DE517-13
DE517,14,0,0,0,DE517-14
DE517,15,0,0,0,DE517-15
DE517,16,0,10,0,DE517-16
DE517,17,0,0,1,DE517-17
DE517,18,0,0,0,DE517-18
DE517,19,0,1,10,DE517-19
DE517,20,0,1,10,DE517-20
DE517,21,0,0,0,DE517-21
DE517,22,0,1,1,DE517-22
DE517,23,1,0,0,DE517-23
DE517,24,1,1,1,DE517-24
DE517,25,1,0,0,DE517-25
DE517,26,1,0,0,DE517-26
DE517,27,0,0,10,DE517-27
DE515,1,0,1,0,DE515-1
DE515,2,1,1,0,DE515-2
DE515,3,1,0,0,DE515-3
DE515,4,1,0,0,DE515-4
DE531,1,10,0,0,DE531-1
DE531,2,0,1,0,DE531-2
DE531,3,1,0,0,DE531-3
DE531,4,0,1,0,DE531-4
DE531,5,1,0,0,DE531-5
DE531,6,10,0,0,DE531-6
DE531,7,1,0,0,DE531-7
DE531,8,0,1,0,DE531-8
DE531,9,1,0,0,DE531-9
DE531,10,0,1,0,DE531-10
DE531,11,0,1,0,DE531-11
DE513,1,0,1,0,DE513-1
DE513,2,0,1,0,DE513-2
DE513,3,0,0,1,DE513-3
DE513,4,0,1,0,DE513-4
DE513,5,0,0,1,DE513-5
DE513,6,1,0,0,DE513-6
DE513,7,0,1,0,DE513-7
DE513,8,0,0,100,DE513-8
DE513,9,0,0,100,DE513-9
DE513,10,1,1,0,DE513-10
DE513,11,0,0,100,DE513-11
DE513,12,0,0,100,DE513-12
DE513,13,0,0,100,DE513-13
DE513,14,0,0,10,DE513-14
DE513,15,0,0,100,DE513-15
DE513,16,0,1,10,DE513-16
DE513,17,0,0,100,DE513-17
DE513,18,0,0,10,DE513-18
DE513,19,0,0,10,DE513-19
DE513,20,0,0,10,DE513-20
DE513,21,1,0,10,DE513-21
DE513,22,0,0,10,DE513-22
DE513,23,1,0,100,DE513-23
DE513,24,0,0,10,DE513-24
DE513,25,0,0,10,DE513-25
DE513,26,0,0,10,DE513-26
DE513,27,0,0,10,DE513-27
DE513,28,0,1,10,DE513-28
DE513,29,10,0,10,DE513-29
DE513,30,1,0,0,DE513-30
DE513,31,0,0,10,DE513-31
DE513,32,1,0,0,DE513-32
DE513,33,1,0,0,DE513-33
DE513,34,1,0,0,DE513-34
DE513,35,10,0,0,DE513-35
DE513,36,1,0,100,DE513-36
DE513,37,0,1,10,DE513-37
DE513,38,0,0,10,DE513-38
DE513,39,1,0,0,DE513-39
DE513,40,1,0,0,DE513-40
DE513,41,1,0,0,DE513-41
DE513,42,0,0,10,DE513-42
DE513,43,0,0,10,DE513-43
DE513,44,1,0,10,DE513-44
DE513,45,1,0,0,DE513-45
DE513,46,1,0,1,DE513-46
DE513,47,1,0,1,DE513-47
DE513,48,1,1,1,DE513-48
DE513,49,0,1,0,DE513-49
DE519,1,1,0,0,DE519-1
DE513,50,0,1,0,DE513-50
JE407,1,0,1,0,JE407-1
DE514,1,0,0,1,DE514-1
DE514,2,0,0,10,DE514-2
JE417,1,0,1,0,JE417-1
JE417,2,0,0,1,JE417-2
JE418,1,1,0,10,JE418-1
JE418,2,0,1,0,JE418-2
JE418,3,0,1,0,JE418-3
JE418,4,0,0,1,JE418-4
JE418,5,0,1,10,JE418-5
JE418,6,1,0,10,JE418-6
JE418,7,1,0,1,JE418-7
JE418,8,10,1,1,JE418-8
JE418,9,0,0,10,JE418-9
DE520,1,0,0,10,DE520-1
DE520,2,0,1,0,DE520-2
DE520,3,0,0,10,DE520-3
DE520,4,0,0,1,DE520-4
DE520,5,0,0,1,DE520-5
DE520,6,1,1,0,DE520-6
DE520,7,0,0,1,DE520-7
DE520,8,0,0,10,DE520-8
DE520,9,0,0,1,DE520-9
DE520,10,0,0,10,DE520-10
DE520,11,0,1,1,DE520-11
DE520,12,1,10,0,DE520-12
DE520,13,1,0,0,DE520-13
DE520,14,1,0,0,DE520-14
DE520,15,1,0,0,DE520-15
DE520,16,0,1,0,DE520-16
DE520,17,0,1,0,DE520-17
DE520,18,0,0,1,DE520-18
DE520,19,0,0,10,DE520-19
DE520,20,1,1,0,DE520-20
DE520,21,0,0,1,DE520-21
DE520,22,1,0,1,DE520-22
DE520,23,0,0,1,DE520-23
DE520,24,0,0,1,DE520-24
DE520,25,0,0,1,DE520-25
DE520,26,0,0,10,DE520-26
DE520,27,0,0,1,DE520-27
DE520,28,0,0,10,DE520-28
DE520,29,0,1,0,DE520-29
DE520,30,0,1,0,DE520-30
DE520,31,0,1,0,DE520-31
DE520,32,1,0,0,DE520-32
DE520,33,1,0,0,DE520-33
DE520,34,1,0,0,DE520-34
DE520,35,0,0,1,DE520-35
DE520,36,1,0,0,DE520-36
DE520,37,1,0,0,DE520-37
DE520,38,0,0,10,DE520-38
DE520,39,0,0,1,DE520-39
DE520,40,0,0,1,DE520-40
DE520,41,1,0,0,DE520-41
DE520,42,1,0,0,DE520-42
DE520,43,1,0,0,DE520-43
DE520,44,1,0,0,DE520-44
DE520,45,1,0,0,DE520-45
DE520,46,1,0,0,DE520-46
DE520,47,0,1,0,DE520-47
DE521,1,0,0,10,DE521-1
DE521,2,10,0,100,DE521-2
DE521,3,0,0,10,DE521-3
DE521,4,1,1,100,DE521-4
DE521,5,1,1,10,DE521-5
DE521,6,1,0,100,DE521-6
DE521,7,1,10,1000,DE521-7
DE521,8,0,1,100,DE521-8
DE521,9,0,0,10,DE521-9
DE521,10,1,0,0,DE521-10
DE521,11,1,10,100,DE521-11
DE521,12,0,1,10,DE521-12
DE521,13,0,0,10,DE521-13
DE521,14,0,0,10,DE521-14
DE521,15,0,0,10,DE521-15
DE521,16,0,0,10,DE521-16
DE521,17,0,0,10,DE521-17
DE521,18,0,0,100,DE521-18
DE521,19,0,0,1,DE521-19
DE521,20,0,0,100,DE521-20
DE521,21,1,0,10,DE521-21
DE521,22,1,0,0,DE521-22
DE521,23,0,0,10,DE521-23
DE521,24,0,10,0,DE521-24
DE521,25,1,0,0,DE521-25
DE521,26,0,1,0,DE521-26
DE521,27,0,0,1,DE521-27
JE414,1,0,1,0,JE414-1
JE414,2,0,1,100,JE414-2
JE414,3,0,0,100,JE414-3
JE414,4,0,1,100,JE414-4
JE414,5,0,1,0,JE414-5
JE414,6,0,0,10,JE414-6
JE414,7,0,0,10,JE414-7
JE414,8,0,0,10,JE414-8
JE414,9,10,0,10,JE414-9
JE414,10,0,1,10,JE414-10
JE414,11,0,1,0,JE414-11
JE414,12,0,1,0,JE414-12
JE414,13,1,0,100,JE414-13
JE414,14,0,1,0,JE414-14
DE523,1,0,0,1,DE523-1
DE523,2,0,0,1,DE523-2
DE523,3,1,0,0,DE523-3
DE523,4,0,0,1,DE523-4
DE523,5,0,0,10,DE523-5
DE523,6,0,0,10,DE523-6
DE523,7,0,0,1,DE523-7
DE523,8,0,0,10,DE523-8
DE523,9,0,0,1,DE523-9
DE523,10,0,0,1,DE523-10
DE523,11,0,0,1,DE523-11
DE523,12,0,0,1,DE523-12
DE523,13,1,0,0,DE523-13
DE523,14,0,0,1,DE523-14
DE523,15,0,0,1,DE523-15
DE523,16,0,0,1,DE523-16
DE523,17,0,0,10,DE523-17
DE523,18,0,0,10,DE523-18
DE523,19,0,1,0,DE523-19
DE523,20,0,0,100,DE523-20
DE523,21,0,0,100,DE523-21
DE523,22,1,0,100,DE523-22
DE523,23,1,0,0,DE523-23
DE523,24,0,0,10,DE523-24
DE523,25,0,0,1,DE523-25
DE523,26,0,0,100,DE523-26
DE523,27,0,0,1,DE523-27
DE523,28,0,0,1,DE523-28
DE523,29,0,0,1,DE523-29
DE523,30,0,1,0,DE523-30
DE523,31,0,1,0,DE523-31
DE523,32,0,0,1,DE523-32
DE523,33,1,0,0,DE523-33
DE523,34,1,0,0,DE523-34
DE523,35,0,1,0,DE523-35
DE523,36,0,1,0,DE523-36
DE523,37,0,1,0,DE523-37
DE523,38,0,1,0,DE523-38
DE523,39,0,1,0,DE523-39
DE523,40,1,0,0,DE523-40
JE415,1,1,1,100,JE415-1
JE415,2,0,0,100,JE415-2
JE415,3,0,1,0,JE415-3
JE415,4,0,1,0,JE415-4
JE415,5,0,1,0,JE415-5
JE415,6,0,0,10,JE415-6
JE415,7,1,10,0,JE415-7
JE415,8,0,10,10,JE415-8
JE415,9,0,0,10,JE415-9
JE415,10,0,0,10,JE415-10
JE415,11,0,0,1,JE415-11
JE415,12,0,0,10,JE415-12
JE415,13,0,0,10,JE415-13
JE415,14,0,0,10,JE415-14
JE415,15,1,10,100,JE415-15
DE524,1,1,0,0,DE524-1
DE524,2,0,0,1,DE524-2
DE524,3,0,0,1,DE524-3
DE524,4,0,0,1,DE524-4
DE524,5,0,0,1,DE524-5
DE524,6,0,0,10,DE524-6
DE524,7,0,0,10,DE524-7
DE524,8,0,0,10,DE524-8
DE524,9,0,0,1,DE524-9
DE524,10,1,0,100,DE524-10
DE524,11,0,0,10,DE524-11
DE524,12,0,0,1,DE524-12
DE524,13,0,1,1,DE524-13
DE524,14,0,0,10,DE524-14
DE524,15,0,0,1,DE524-15
DE524,16,0,0,1,DE524-16
DE524,17,0,0,1,DE524-17
DE524,18,0,0,10,DE524-18
DE524,19,0,0,1,DE524-19
DE524,20,0,1,1,DE524-20
DE524,21,0,0,10,DE524-21
DE524,22,0,0,100,DE524-22
DE524,23,0,0,10,DE524-23
DE524,24,0,1,0,DE524-24
DE524,25,0,0,1,DE524-25
DE524,26,0,0,10,DE524-26
DE524,27,0,0,10,DE524-27
DE524,28,0,0,100,DE524-28
DE524,29,0,0,10,DE524-29
DE524,30,0,0,10,DE524-30
DE524,31,0,0,1,DE524-31
DE524,32,0,0,1,DE524-32
DE524,33,0,0,10,DE524-33
DE524,34,0,0,1,DE524-34
DE524,35,0,0,10,DE524-35
DE524,36,0,0,10,DE524-36
DE524,37,1,0,10,DE524-37
DE524,38,0,0,1,DE524-38
DE524,39,0,0,1,DE524-39
DE524,40,0,0,10,DE524-40
DE524,41,1,0,0,DE524-41
DE524,42,0,1,0,DE524-42
DE524,43,0,0,1,DE524-43
DE525,1,0,1,0,DE525-1
DE525,2,0,0,1,DE525-2
DE525,3,0,1,0,DE525-3
DE525,4,1,0,0,DE525-4
DE525,5,1,0,0,DE525-5
DE525,6,0,0,1,DE525-6
DE525,7,0,1,0,DE525-7
DE525,8,0,0,10,DE525-8
DE525,9,0,1,0,DE525-9
DE525,10,1,0,0,DE525-10
DE525,11,1,0,0,DE525-11
DE525,12,0,0,10,DE525-12
DE525,13,0,1,1,DE525-13
DE525,14,0,0,1,DE525-14
DE525,15,0,1,1,DE525-15
DE525,16,0,0,10,DE525-16
DE525,17,0,0,1,DE525-17
DE525,18,0,0,10,DE525-18
DE525,19,1,1,100,DE525-19
DE525,20,0,0,10,DE525-20
DE525,21,1,0,0,DE525-21
DE525,22,0,0,1,DE525-22
DE525,23,0,0,10,DE525-23
DE525,24,0,0,10,DE525-24
DE525,25,1,0,0,DE525-25
DE525,26,0,1,0,DE525-26
DE525,27,0,0,1,DE525-27
DE525,28,0,0,10,DE525-28
DE525,29,1,1,10,DE525-29
DE525,30,0,0,10,DE525-30
DE525,31,0,0,10,DE525-31
DE525,32,0,0,100,DE525-32
DE525,33,0,0,1,DE525-33
DE525,34,0,0,1,DE525-34
DE525,35,0,1,0,DE525-35
DE525,36,0,0,1,DE525-36
DE525,37,0,0,10,DE525-37
DE525,38,0,0,10,DE525-38
DE525,39,0,0,100,DE525-39
DE525,40,0,0,1,DE525-40
DE525,41,0,0,1,DE525-41
DE525,42,0,1,1,DE525-42
DE525,43,0,1,0,DE525-43
DE525,44,0,1,0,DE525-44
DE525,45,0,1,0,DE525-45
DE525,46,1,0,0,DE525-46
DE525,47,1,0,0,DE525-47
DE525,48,0,1,0,DE525-48
DE525,49,0,1,0,DE525-49
DE525,50,0,0,1,DE525-50
DE525,51,0,0,1,DE525-51
DE525,52,1,0,1,DE525-52
DE525,53,10,10,10000,DE525-53
DE526,1,0,1,0,DE526-1
DE526,2,1,0,1,DE526-2
DE526,3,0,1,0,DE526-3
DE526,4,0,1,0,DE526-4
DE526,5,1,1,0,DE526-5
DE526,6,1,0,0,DE526-6
DE526,7,1,0,1,DE526-7
JE419,1,0,0,100,JE419-1
JE419,2,10,10,100,JE419-2
JE419,3,0,1,100,JE419-3
JE419,4,0,1,10,JE419-4
JE419,5,1,0,10,JE419-5
JE419,6,0,1,10,JE419-6
JE419,7,0,1,0,JE419-7
JE419,8,1,0,0,JE419-8
JE419,9,1,1,100,JE419-9
JE419,10,0,0,100,JE419-10
JE419,11,0,1,100,JE419-11
JE419,12,0,0,100,JE419-12
JE419,13,0,0,100,JE419-13
JE419,14,1,0,100,JE419-14
JE419,15,1,0,10,JE419-15
JE419,16,0,0,10,JE419-16
DE527,1,1,0,0,DE527-1
DE527,2,0,1,0,DE527-2
DE527,3,0,1,1,DE527-3
DE527,4,1,0,0,DE527-4
DE527,5,0,1,0,DE527-5
DE527,6,0,0,1,DE527-6
DE527,7,1,0,0,DE527-7
DE527,8,1,0,0,DE527-8
DE527,9,0,0,1,DE527-9
DE527,10,0,0,1,DE527-10
DE527,11,0,1,0,DE527-11
DE527,12,1,0,1,DE527-12
DE527,13,0,0,10,DE527-13
DE527,14,0,0,1,DE527-14
DE527,15,0,0,1,DE527-15
DE527,16,0,0,1,DE527-16
DE527,17,1,0,0,DE527-17
DE527,18,0,0,1,DE527-18
DE527,19,1,0,0,DE527-19
DE527,20,0,0,1,DE527-20
DE527,21,0,0,1,DE527-21
DE527,22,0,1,0,DE527-22
DE527,23,1,0,0,DE527-23
DE527,24,0,0,1,DE527-24
DE527,25,0,0,1,DE527-25
DE527,26,0,1,0,DE527-26
DE527,27,0,0,1,DE527-27
DE527,28,1,0,0,DE527-28
DE527,29,0,1,0,DE527-29
DE527,30,1,0,0,DE527-30
DE527,31,0,1,0,DE527-31
DE527,32,1,0,0,DE527-32
DE527,33,0,0,1,DE527-33
DE527,34,1,0,0,DE527-34
DE528,1,0,1,1,DE528-1
DE528,2,0,1,0,DE528-2
DE528,3,0,1,0,DE528-3
DE528,4,0,0,1,DE528-4
DE528,5,0,0,10,DE528-5
DE528,6,0,0,10,DE528-6
DE528,7,0,0,1,DE528-7
DE528,8,0,0,1,DE528-8
DE528,9,0,0,1,DE528-9
DE528,10,0,0,10,DE528-10
DE528,11,0,0,1,DE528-11
DE528,12,0,0,10,DE528-12
DE528,13,0,1,0,DE528-13
DE528,14,0,1,0,DE528-14
DE528,15,0,0,1,DE528-15
DE528,16,0,0,1,DE528-16
DE528,17,0,0,1,DE528-17
DE528,18,0,0,1,DE528-18
DE528,19,0,0,10,DE528-19
DE528,20,0,0,10,DE528-20
DE528,21,0,0,10,DE528-21
DE528,22,0,1,100,DE528-22
DE528,23,0,1,0,DE528-23
DE528,24,0,0,1,DE528-24
DE528,25,0,1,0,DE528-25
DE528,26,0,10,1,DE528-26
DE528,27,1,0,0,DE528-27
DE528,28,0,1,0,DE528-28
DE528,29,1,1,0,DE528-29
DE528,30,0,0,1,DE528-30
DE528,31,0,0,1,DE528-31
DE528,32,0,1,0,DE528-32
DE528,33,0,0,1,DE528-33
DE528,34,0,1,0,DE528-34
DE528,35,0,0,1,DE528-35
DE528,36,0,1,1,DE528-36
DE528,37,0,1,0,DE528-37
DE528,38,0,1,0,DE528-38
DE528,39,0,10,0,DE528-39
DE528,40,0,0,1,DE528-40
DE528,41,0,10,0,DE528-41
DE528,42,0,0,1,DE528-42
DE528,43,0,1,0,DE528-43
DE528,44,0,10,0,DE528-44
DE529,1,0,0,1,DE529-1
DE529,2,0,0,10,DE529-2
DE529,3,0,0,10,DE529-3
DE529,4,0,0,10,DE529-4
DE529,5,0,0,10,DE529-5
DE529,6,0,0,1,DE529-6
DE529,7,0,0,10,DE529-7
DE529,8,0,0,1,DE529-8
DE529,9,0,0,10,DE529-9
DE529,10,0,0,1,DE529-10
DE529,11,0,0,10,DE529-11
DE529,12,0,0,100,DE529-12
DE529,13,0,0,100,DE529-13
DE529,14,0,0,10,DE529-14
DE529,15,0,0,10,DE529-15
DE529,16,0,0,100,DE529-16
DE529,17,0,0,10,DE529-17
DE529,18,0,0,10,DE529-18
DE529,19,0,0,1,DE529-19
DE529,20,0,0,100,DE529-20
DE529,21,0,0,100,DE529-21
DE529,22,0,0,10,DE529-22
DE529,23,0,0,1,DE529-23
DE529,24,0,0,10,DE529-24
DE529,25,0,0,1,DE529-25
DE529,26,0,0,1,DE529-26
DE529,27,0,1,0,DE529-27
DE529,28,0,0,1,DE529-28
DE529,29,0,0,1,DE529-29
DE529,30,0,0,1,DE529-30
DE529,31,0,0,10,DE529-31
DE529,32,0,0,1,DE529-32
DE529,33,0,1,1,DE529-33
DE529,34,0,0,10,DE529-34
DE529,35,0,0,1,DE529-35
DE529,36,0,0,10,DE529-36
DE529,37,0,1,0,DE529-37
DE529,38,1,1,1,DE529-38
DE529,39,0,0,1,DE529-39
DE529,40,0,0,1,DE529-40
DE529,41,0,0,1,DE529-41
DE529,42,0,0,1,DE529-42
DE529,43,0,1,0,DE529-43
DE529,44,0,1,0,DE529-44
DE529,45,0,1,0,DE529-45
DE529,46,0,0,1,DE529-46
DE529,47,0,0,1,DE529-47
DE529,48,0,1,10,DE529-48
DE529,49,0,1,1,DE529-49
DE530,1,0,0,10,DE530-1
DE530,2,0,0,1,DE530-2
DE530,3,0,0,100,DE530-3
DE530,4,0,0,1,DE530-4
DE530,5,0,0,1,DE530-5
DE530,6,0,1,0,DE530-6
DE530,7,1,10,1,DE530-7
DE530,8,0,0,1,DE530-8
DE530,9,0,0,1,DE530-9
DE530,10,0,1,1,DE530-10
DE530,11,0,0,1,DE530-11
DE530,12,0,1,0,DE530-12
DE530,13,0,0,1,DE530-13
DE530,14,0,0,1,DE530-14
DE530,15,0,1,0,DE530-15
DE530,16,0,0,10,DE530-16
DE530,17,1,1,0,DE530-17
DE530,18,0,10,0,DE530-18
DE530,19,0,1,10,DE530-19
DE530,20,0,10,0,DE530-20
DE530,21,0,1,10,DE530-21
DE530,22,0,1,10,DE530-22
DE530,23,0,1,0,DE530-23
DE530,24,0,1,0,DE530-24
DE530,25,1,0,0,DE530-25
DE530,26,0,0,10,DE530-26
DE530,27,0,1,0,DE530-27
DE530,28,0,1,0,DE530-28
DE530,29,0,10,0,DE530-29
DE530,30,0,0,100,DE530-30
DE530,31,0,1,0,DE530-31
DE530,32,10,0,0,DE530-32
DE530,33,0,1,0,DE530-33
DE530,34,0,0,1,DE530-34
DE530,35,0,0,1,DE530-35
DE530,36,0,1,10,DE530-36
DE530,37,0,0,1,DE530-37
DE530,38,0,1,0,DE530-38
DE530,39,0,1,0,DE530-39
DE530,40,0,1,0,DE530-40
DE530,41,0,1,0,DE530-41
DE530,42,0,0,10,DE530-42
JE420,1,0,1,0,JE420-1
JE420,2,0,1,10,JE420-2
JE420,3,0,1,10,JE420-3
DE532,1,0,1,0,DE532-1
DE532,2,0,1,0,DE532-2
JE421,1,0,0,10,JE421-1
JE421,2,0,0,10,JE421-2
JE421,3,0,0,10,JE421-3
JE421,4,10,10,100,JE421-4
JE421,5,1,0,0,JE421-5
JE421,6,0,1,0,JE421-6
JE421,7,10,1,10,JE421-7
JE421,8,1,0,0,JE421-8
JE421,9,0,1,1,JE421-9
JE421,10,10,10,100,JE421-10
JE421,11,10,0,10,JE421-11
JE421,12,1,0,0,JE421-12
JE421,13,0,10,0,JE421-13
JE421,14,10,1,10,JE421-14
JE421,15,10,1,10,JE421-15
JE421,16,10,0,10,JE421-16
JE421,17,10,10,10,JE421-17
JE421,18,0,1,0,JE421-18
JE422,1,0,0,10,JE422-1
JE422,2,1,0,0,JE422-2
JE422,3,0,1,1,JE422-3
JE422,4,10,1,0,JE422-4
JE422,5,1,0,0,JE422-5
JE422,6,1,1,10,JE422-6
JE422,7,1,10,0,JE422-7
JE422,8,1,0,0,JE422-8
JE422,9,1,1,0,JE422-9
JE422,10,10,0,0,JE422-10
JE422,11,1,0,0,JE422-11
JE422,12,10,10,100,JE422-12
JE422,13,1,0,0,JE422-13
JE422,14,1,0,0,JE422-14
DE533,1,1,0,0,DE533-1
DE533,2,0,1,0,DE533-2
DE533,3,0,1,0,DE533-3
DE533,4,0,10,0,DE533-4
DE533,5,0,0,1,DE533-5
DE533,6,0,0,1,DE533-6
DE533,7,0,1,0,DE533-7
DE533,8,0,0,1,DE533-8
DE533,9,0,1,0,DE533-9
DE533,10,0,0,10,DE533-10
DE533,11,0,0,10,DE533-11
DE533,12,0,0,1,DE533-12
DE533,13,0,0,1,DE533-13
DE533,14,0,0,1,DE533-14
DE533,15,0,1,0,DE533-15
DE533,16,0,1,0,DE533-16
DE533,17,0,1,0,DE533-17
DE533,18,1,0,1,DE533-18
DE533,19,0,1,0,DE533-19
DE533,20,0,1,0,DE533-20
DE533,21,0,1,0,DE533-21
DE533,22,0,1,0,DE533-22
DE533,23,0,1,1,DE533-23
DE533,24,0,0,1,DE533-24
DE533,25,0,1,0,DE533-25
DE533,26,0,1,0,DE533-26
DE533,27,0,1,1,DE533-27
DE533,28,0,0,1,DE533-28
DE533,29,1,0,1,DE533-29
DE533,30,0,0,1,DE533-30
DE534,1,1,0,1,DE534-1
DE534,2,0,1,1,DE534-2
DE534,3,0,0,1,DE534-3
DE534,4,0,0,1,DE534-4
DE534,5,0,0,1,DE534-5
DE534,6,0,1,0,DE534-6
DE534,7,0,1,10,DE534-7
DE534,8,0,0,1,DE534-8
DE534,9,0,0,1,DE534-9
DE534,10,0,0,1,DE534-10
DE534,11,0,0,1,DE534-11
DE534,12,0,0,10,DE534-12
DE534,13,0,0,1,DE534-13
DE534,14,0,0,1,DE534-14
DE534,15,0,0,1,DE534-15
DE534,16,0,0,1,DE534-16
DE534,17,0,0,10,DE534-17
DE534,18,0,0,1,DE534-18
DE534,19,0,0,1,DE534-19
DE534,20,0,0,1,DE534-20
DE534,21,0,0,10,DE534-21
DE534,22,0,0,100,DE534-22
DE534,23,0,0,1,DE534-23
DE534,24,0,0,1,DE534-24
DE534,25,0,1,0,DE534-25
DE534,26,0,0,1,DE534-26
DE534,27,0,0,1,DE534-27
DE535,1,0,1,0,DE535-1
DE535,2,0,1,0,DE535-2
DE535,3,0,1,0,DE535-3
DE535,4,0,10,1,DE535-4
DE535,5,0,0,10,DE535-5
DE535,6,0,0,1,DE535-6
DE535,7,0,1,1,DE535-7
DE535,8,0,0,10,DE535-8
DE535,9,0,10,0,DE535-9
DE535,10,0,10,0,DE535-10
JE423,1,10,10,10,JE423-1
JE423,2,0,1,0,JE423-2
JE423,3,10,10,0,JE423-3
JE423,4,0,1,10,JE423-4
JE423,5,10,0,10,JE423-5
JE423,6,1,0,0,JE423-6
JE423,7,0,1,0,JE423-7
JE423,8,0,1,0,JE423-8
JE423,9,1,1,0,JE423-9
JE423,10,0,1,0,JE423-10
JE423,11,1,1,0,JE423-11
JE423,12,1,1,0,JE423-12
JE423,13,10,10,10,JE423-13
JE423,14,10,0,10,JE423-14
JE424,1,0,1,0,JE424-1
JE424,2,1,0,0,JE424-2
JE424,3,0,1,0,JE424-3
JE424,4,0,1,0,JE424-4
JE424,5,0,1,0,JE424-5
JE424,6,0,1,0,JE424-6
JE424,7,0,1,0,JE424-7
JE424,8,0,1,0,JE424-8
JE424,9,0,10,0,JE424-9
JE424,10,10,0,0,JE424-10
JE424,11,0,1,0,JE424-11
JE424,12,1,0,1,JE424-12
JE424,13,0,1,0,JE424-13
JE425,1,1,0,0,JE425-1
JE425,2,0,1,10,JE425-2
JE425,3,0,0,100,JE425-3
JE425,4,1,0,0,JE425-4
JE425,5,0,1,0,JE425-5
JE425,6,10,10,100,JE425-6
JE425,7,0,1,1,JE425-7
JE425,8,1,0,0,JE425-8
JE425,9,10,1,0,JE425-9
JE425,10,10,1,10,JE425-10
JE425,11,1,1,1,JE425-11
JE425,12,0,1,10,JE425-12
JE425,13,0,1,1,JE425-13
JE425,14,0,0,10,JE425-14
JE425,15,1,0,10,JE425-15
DE537,1,0,1000,0,DE537-1
DE537,2,0,1,0,DE537-2
DE537,3,0,100,0,DE537-3
DE537,4,1,10,0,DE537-4
DE537,5,0,10,0,DE537-5
DE537,6,0,1,0,DE537-6
DE537,7,0,1,0,DE537-7
DE537,8,0,1,0,DE537-8
DE537,9,0,10,0,DE537-9
DE537,10,0,1,0,DE537-10
DE537,11,0,1,0,DE537-11
DE537,12,0,1,0,DE537-12
DE537,13,0,1,0,DE537-13
JE426,1,1,10,100,JE426-1
JE426,2,0,1,0,JE426-2
JE426,3,0,1,0,JE426-3
JE426,4,0,1,10,JE426-4
JE426,5,0,1,0,JE426-5
JE426,6,0,10,0,JE426-6
JE426,7,1,10,100,JE426-7
JE426,8,0,0,1,JE426-8
JE426,9,10,1,0,JE426-9
JE426,10,1,10,100,JE426-10
JE426,11,0,0,10,JE426-11
JE426,12,10,10,100,JE426-12
JE426,13,10,10,10,JE426-13
JE426,14,1,10,10,JE426-14
JE426,15,10,1,10,JE426-15
JE426,16,1,10,10,JE426-16
JE426,17,1,10,10,JE426-17
JE426,18,10,1,10,JE426-18
JE426,19,10,10,0,JE426-19
JE426,20,0,1,0,JE426-20
JE426,21,10,100,10,JE426-21
JE426,22,10,100,10,JE426-22
JE426,23,1,10,10,JE426-23
JE426,24,1,10,0,JE426-24
JE426,25,10,10,100,JE426-25
JE426,26,10,10,100,JE426-26
JE426,27,1,10,100,JE426-27
DE538,1,0,0,10,DE538-1
DE538,2,0,0,1,DE538-2
DE538,3,0,1,0,DE538-3
DE538,4,0,1,0,DE538-4
DE538,5,0,1,0,DE538-5
JE427,1,0,10,100,JE427-1
JE427,2,0,1,10,JE427-2
JE427,3,1,1,10,JE427-3
JE427,4,0,10,10,JE427-4
JE427,5,0,10,10,JE427-5
JE427,6,10,10,100,JE427-6
JE427,7,0,10,10,JE427-7
JE427,8,10,10,100,JE427-8
JE427,9,10,100,100,JE427-9
JE427,10,1,0,10,JE427-10
JE427,11,1,10,10,JE427-11
JE427,12,0,0,1,JE427-12
JE427,13,0,10,1,JE427-13
JE427,14,1,100,100,JE427-14
JE427,15,0,10,10,JE427-15
JE427,16,0,0,10,JE427-16
JE427,17,10,100,100,JE427-17
JE427,18,0,0,10,JE427-18
DE539,1,0,1,1,DE539-1
DE539,2,0,1,0,DE539-2
DE539,3,0,1,0,DE539-3
DE539,4,0,0,1,DE539-4
DE539,5,0,1,1,DE539-5
DE539,6,0,1,0,DE539-6
DE539,7,0,0,10,DE539-7
DE539,8,0,0,1,DE539-8
JE428,1,0,0,10,JE428-1
JE428,2,0,1,10,JE428-2
JE428,3,1,10,10,JE428-3
JE428,4,0,10,10,JE428-4
JE428,5,0,10,10,JE428-5
JE428,6,0,10,10,JE428-6
JE428,7,0,1,10,JE428-7
JE428,8,0,10,10,JE428-8
JE428,9,0,10,10,JE428-9
JE428,10,0,10,10,JE428-10
JE428,11,0,100,100,JE428-11
JE428,12,0,10,100,JE428-12
JE428,13,0,0,10,JE428-13
JE428,14,0,10,100,JE428-14
JE428,15,0,1,10,JE428-15
JE428,16,0,1,10,JE428-16
JE428,17,0,1,100,JE428-17
JE428,18,0,10,100,JE428-18
JE428,19,0,10,10,JE428-19
JE428,20,0,10,100,JE428-20
JE428,21,0,1,10,JE428-21
JE428,22,1,1,10,JE428-22
JE428,23,0,0,100,JE428-23
JE428,24,0,1,10,JE428-24
JE428,25,10,100,10,JE428-25
JE428,26,0,1,0,JE428-26
JE428,27,0,1,10,JE428-27
JE428,28,1,10,100,JE428-28
JE428,29,0,1,10,JE428-29
JE429,1,0,1,0,JE429-1
JE429,2,0,10,10,JE429-2
JE429,3,0,10,10,JE429-3
JE429,4,0,10,0,JE429-4
JE429,5,0,0,10,JE429-5
JE429,6,0,10,100,JE429-6
JE429,7,0,10,0,JE429-7
JE429,8,0,10,100,JE429-8
DE540,1,0,0,100,DE540-1
DE540,2,0,0,10,DE540-2
DE540,3,0,1,0,DE540-3
DE540,4,0,0,100,DE540-4
DE540,5,0,1,0,DE540-5
DE540,6,0,0,1,DE540-6
DE540,7,0,0,10,DE540-7
DE540,8,0,0,1,DE540-8
DE540,9,0,1,0,DE540-9
DE540,10,0,0,1,DE540-10
DE540,11,0,1,0,DE540-11
DE540,12,0,0,1,DE540-12
DE540,13,0,0,1,DE540-13
DE540,14,0,0,1,DE540-14
DE540,15,0,0,1,DE540-15
DE540,16,0,1,0,DE540-16
DE540,17,0,1,0,DE540-17
DE540,18,0,0,1,DE540-18
DE540,19,0,0,1,DE540-19
DE540,20,0,1,0,DE540-20
DE540,21,0,1,0,DE540-21
DE540,22,0,0,1,DE540-22
DE540,23,0,0,1,DE540-23
DE540,24,0,0,1,DE540-24
DE540,25,0,1,1,DE540-25
DE540,26,0,0,1,DE540-26
DE540,27,0,0,1,DE540-27
DE540,28,0,1,0,DE540-28
DE540,29,0,1,0,DE540-29
DE540,30,0,0,1,DE540-30
DE540,31,0,0,1,DE540-31
DE541,1,0,1,0,DE541-1
DE541,2,0,0,1,DE541-2
DE541,3,0,1,0,DE541-3
DE541,4,0,1,0,DE541-4
DE541,5,0,1,0,DE541-5
DE541,6,0,0,1,DE541-6
DE541,7,0,1,0,DE541-7
DE541,8,0,1,0,DE541-8
DE541,9,0,1,0,DE541-9
DE541,10,0,1,0,DE541-10
DE541,11,0,1,0,DE541-11
DE541,12,0,0,1,DE541-12
DE541,13,0,1,0,DE541-13
DE541,14,0,0,1,DE541-14
DE541,15,0,0,1,DE541-15
DE541,16,0,0,1,DE541-16
DE541,17,0,0,1,DE541-17
DE541,18,0,1,0,DE541-18
DE541,19,0,1,0,DE541-19
DE546,1,0,0,1,DE546-1
DE542,1,10,0,0,DE542-1
DE542,2,0,1,0,DE542-2
DE543,1,0,1,0,DE543-1
DE368,0,0,0,0,DE368-0
DE402,0,0,0,0,DE402-0
DE404,0,0,0,0,DE404-0
DE406,0,0,0,0,DE406-0
DE410,0,0,0,0,DE410-0
DE414,0,0,0,0,DE414-0
DE416,0,0,0,0,DE416-0
DE417,0,0,0,0,DE417-0
DE434,0,0,0,0,DE434-0
DE438,0,0,0,0,DE438-0
DE502,0,0,0,0,DE502-0
DE503,0,0,0,0,DE503-0
DE504,0,0,0,0,DE504-0
DE508,0,0,0,0,DE508-0
DE509,0,0,0,0,DE509-0
DE511,1,0,0,1,DE511-1
DE512,0,0,0,0,DE512-0
DE518,0,0,0,0,DE518-0
DE522,0,0,0,0,DE522-0
JE324,0,0,0,0,JE324-0
JE325,0,0,0,0,JE325-0
JE329,0,0,0,0,JE329-0
JE330,0,0,0,0,JE330-0
JE331,0,0,0,0,JE331-0
JE335,0,0,0,0,JE335-0
JE405,0,0,0,0,JE405-0
JE406,0,0,0,0,JE406-0
JE408,0,0,0,0,JE408-0
JE409,0,0,0,0,JE409-0
JE410,0,0,0,0,JE410-0
JE411,0,0,0,0,JE411-0
JE413,0,0,0,0,JE413-0
JE416,0,0,0,0,JE416-0
JE501,1,0,1,0,JE501-1
JE502,1,10,0,10,JE502-1
JE502,2,1,0,0,JE502-2
JE502,3,0,10,0,JE502-3
JE502,4,10,0,0,JE502-4
JE502,5,0,0,1,JE502-5
JE502,6,10,0,0,JE502-6
JE503,1,0,1,0,JE503-1
JE503,2,0,1,0,JE503-2
JE503,3,0,1,0,JE503-3
JE503,4,0,1,0,JE503-4
JE503,5,0,1,0,JE503-5
JE503,6,0,1,0,JE503-6
JE503,7,0,1,0,JE503-7
JE503,8,0,1,0,JE503-8
JE503,9,0,1,0,JE503-9
JE504,1,0,1,0,JE504-1
JE504,2,0,1,0,JE504-2
DE602,1,0,0,1,DE602-1
DE603,1,1,0,0,DE603-1
DE604,0,0,0,0,DE604-0
DE605,0,0,0,0,DE605-0
DE606,0,0,0,0,DE606-0
DE601,0,0,0,0,DE601-0
DE607,1,0,1,0,DE607-1
DE607,2,1,0,0,DE607-2
DE607,3,0,1,0,DE607-3
DE607,4,0,10,0,DE607-4
DE607,5,0,1,0,DE607-5
DE607,6,0,1,0,DE607-6
DE607,7,0,10,0,DE607-7
DE607,8,10,0,0,DE607-8
DE607,9,0,1,1,DE607-9
DE608,1,1,10,0,DE608-1
DE609,1,1,0,0,DE609-1
DE609,2,1,0,0,DE609-2
DE609,3,0,1,0,DE609-3
DE609,4,1,0,0,DE609-4
DE609,5,1,1,0,DE609-5
DE609,6,0,1,0,DE609-6
JE505,1,1,0,0,JE505-1
JE505,2,0,1,0,JE505-2
JE506,1,0,1,0,JE506-1
JE506,2,0,1,0,JE506-2
JE506,3,10,10,0,JE506-3
JE506,4,0,1,0,JE506-4
JE506,5,0,0,1,JE506-5
JE506,6,0,10,0,JE506-6
JE506,7,1,0,0,JE506-7
JE506,8,0,1,0,JE506-8
JE506,9,0,1,10,JE506-9
JE506,10,10,10,100,JE506-10
DE610,1,0,10,0,DE610-1
DE610,2,1,0,0,DE610-2
DE610,3,10,0,1,DE610-3
DE610,4,1,0,0,DE610-4
DE610,5,1,1,0,DE610-5
DE610,6,10,0,0,DE610-6
DE610,7,1,0,0,DE610-7
DE610,8,0,1,0,DE610-8
DE610,9,10,0,0,DE610-9
DE610,10,1,0,0,DE610-10
DE610,11,1,0,0,DE610-11
DE611,1,0,1,0,DE611-1
DE611,2,0,10,0,DE611-2
DE611,3,0,1,0,DE611-3
DE611,4,0,10,0,DE611-4
DE611,5,0,1,0,DE611-5
DE611,6,0,1,0,DE611-6
DE611,7,0,1,0,DE611-7
DE611,8,0,1,0,DE611-8
DE612,1,0,1,0,DE612-1
DE612,2,0,1,0,DE612-2
DE612,3,0,10,0,DE612-3
DE612,4,0,1,0,DE612-4
DE612,5,0,1,0,DE612-5
DE612,6,0,0,10,DE612-6
DE612,7,1,10,0,DE612-7
DE612,8,0,1,0,DE612-8
DE612,9,0,10,0,DE612-9
DE613,1,10,1,0,DE613-1
DE613,2,10,0,0,DE613-2
DE615,1,0,1,0,DE615-1
DE615,2,0,0,1,DE615-2
DE615,3,0,1,0,DE615-3
DE615,4,0,1,0,DE615-4
DE615,5,0,0,100,DE615-5
DE615,6,0,1,0,DE615-6
DE615,7,0,1,0,DE615-7
DE615,8,1,0,100,DE615-8
DE614,1,1,0,0,DE614-1
DE614,2,0,0,1,DE614-2
DE614,3,0,1,0,DE614-3
DE614,4,1,0,100,DE614-4
DE614,5,0,10,0,DE614-5
DE614,6,0,0,10,DE614-6
DE614,7,0,10,0,DE614-7
DE614,8,1,0,0,DE614-8
DE614,9,0,0,1,DE614-9
DE614,10,0,1,0,DE614-10
DE614,11,0,0,10,DE614-11
DE614,12,0,1,0,DE614-12
DE614,13,1,1,0,DE614-13
DE614,14,1,0,0,DE614-14
DE614,15,0,1,0,DE614-15
DE614,16,1,0,10,DE614-16
DE614,17,0,1,0,DE614-17
DE614,18,0,0,1,DE614-18
DE614,19,1,1,0,DE614-19
DE614,20,0,0,1,DE614-20
DE614,21,0,0,1,DE614-21
DE614,22,1,1,0,DE614-22
DE614,23,0,1,0,DE614-23
DE614,24,1,10,0,DE614-24
DE614,25,0,0,10,DE614-25
DE614,26,0,0,10,DE614-26
DE614,27,0,1,0,DE614-27
DE614,28,1,1,0,DE614-28
DE614,29,1,0,100,DE614-29
DE614,30,0,0,1,DE614-30
DE614,31,0,1,0,DE614-31
DE614,32,0,0,10,DE614-32
DE614,33,0,0,10,DE614-33
DE614,34,1,1,0,DE614-34
DE614,35,0,0,100,DE614-35
DE614,36,10,0,100,DE614-36
DE614,37,0,1,0,DE614-37
DE614,38,1,0,10,DE614-38
JE507,1,0,10,0,JE507-1
JE507,2,1,0,0,JE507-2
JE507,3,0,10,0,JE507-3
JE507,4,10,0,0,JE507-4
JE507,5,1,0,0,JE507-5
JE507,6,0,10,0,JE507-6
JE507,7,0,10,0,JE507-7
JE507,8,0,100,0,JE507-8
JE507,9,10,10,0,JE507-9
JE507,10,10,0,0,JE507-10
JE507,11,1,1,0,JE507-11
JE507,12,0,10,0,JE507-12
JE507,13,10,1,0,JE507-13
JE507,14,10,0,0,JE507-14
JE507,15,0,10,0,JE507-15
JE507,16,0,10,0,JE507-16
JE507,17,10,0,0,JE507-17
JE507,18,10,0,0,JE507-18
JE507,19,10,10,0,JE507-19
JE507,20,10,1,0,JE507-20
JE507,21,10,1,0,JE507-21
JE507,22,0,10,0,JE507-22
JE507,23,0,1,0,JE507-23
JE507,24,10,10,0,JE507-24
JE507,25,1,1,1,JE507-25
JE507,26,10,0,0,JE507-26
JE507,27,1,0,10,JE507-27
JE507,28,1,0,0,JE507-28
JE507,29,1,0,0,JE507-29
JE507,30,1,1,0,JE507-30
JE507,31,10,0,0,JE507-31
JE507,32,10,0,1,JE507-32
JE507,33,10,0,0,JE507-33
JE507,34,1,0,0,JE507-34
JE507,35,10,1,0,JE507-35
JE507,36,1,0,0,JE507-36
JE507,37,1,0,0,JE507-37
JE507,38,10,10,0,JE507-38
JE507,39,0,10,0,JE507-39
JE507,40,1,1,0,JE507-40
JE507,41,1,1,0,JE507-41
JE507,42,0,1,0,JE507-42
JE507,43,10,0,1,JE507-43
JE507,44,10,10,0,JE507-44
JE507,45,1,0,0,JE507-45
JE507,46,1,1,0,JE507-46
JE507,47,0,10,0,JE507-47
JE507,48,10,0,0,JE507-48
JE507,49,100,10,10,JE507-49
JE507,50,0,1,0,JE507-50
JE508,1,1,1,0,JE508-1
JE508,2,100,10,1,JE508-2
JE508,3,0,0,1,JE508-3
JE508,4,1,1,10,JE508-4
JE508,5,0,1,0,JE508-5
JE508,6,10,1,0,JE508-6
JE508,7,1,0,10,JE508-7
JE508,8,0,0,10,JE508-8
JE508,9,0,0,1,JE508-9
JE508,10,1,0,0,JE508-10
JE508,11,100,1,10,JE508-11
JE508,12,1,0,0,JE508-12
JE508,13,0,1,0,JE508-13
JE508,14,1,0,0,JE508-14
JE509,1,0,1,0,JE509-1
JE509,2,0,1,1,JE509-2
JE509,3,0,1,0,JE509-3
JE509,4,1,0,1,JE509-4
DE617,1,0,1,100,DE617-1
DE617,2,0,1,0,DE617-2
DE617,3,0,1,0,DE617-3
DE617,4,0,0,10,DE617-4
DE617,5,1,10,0,DE617-5
DE617,6,0,1,0,DE617-6
DE617,7,0,1,0,DE617-7
DE617,8,0,1,0,DE617-8
DE617,9,0,1,0,DE617-9
DE617,10,0,1,0,DE617-10
DE617,11,0,1,0,DE617-11
DE617,12,10,10,0,DE617-12
JE510,1,1,0,10,JE510-1
JE510,2,1,1,10,JE510-2
JE510,3,0,1,1,JE510-3
JE510,4,0,1,0,JE510-4
JE510,5,1,0,0,JE510-5
JE510,6,1,0,0,JE510-6
JE510,7,1,0,10,JE510-7
JE510,8,0,0,10,JE510-8
JE510,9,10,0,0,JE510-9
JE510,10,0,0,1,JE510-10
JE510,11,1,0,0,JE510-11
JE510,12,1,0,10,JE510-12
JE510,13,1,0,0,JE510-13
JE510,14,10,0,10,JE510-14
JE510,15,0,1,1,JE510-15
JE510,16,1,0,0,JE510-16
JE510,17,10,0,100,JE510-17
JE510,18,10,0,10,JE510-18
JE510,19,10,0,10,JE510-19
JE510,20,0,0,1,JE510-20
JE510,21,1,0,0,JE510-21
JE510,22,100,0,0,JE510-22
JE510,23,10,0,0,JE510-23
JE510,24,100,0,0,JE510-24
JE510,25,10,0,0,JE510-25
JE510,26,10,0,0,JE510-26
JE510,27,10,0,0,JE510-27
JE510,28,10,0,10,JE510-28
JE510,29,1,0,0,JE510-29
JE510,30,1,0,0,JE510-30
JE510,31,10,0,0,JE510-31
JE510,32,1,0,0,JE510-32
JE510,33,10,0,0,JE510-33
JE510,34,1,0,0,JE510-34
JE510,35,1,10,0,JE510-35
JE510,36,0,1,0,JE510-36
JE510,37,0,1,0,JE510-37
JE510,38,10,0,0,JE510-38
JE510,39,1,0,0,JE510-39
JE510,40,1,0,0,JE510-40
JE510,41,1,0,0,JE510-41
JE510,42,0,1,0,JE510-42
JE510,43,1,0,0,JE510-43
JE510,44,0,1,0,JE510-44
DE618,1,1,0,0,DE618-1
DE618,2,0,10,0,DE618-2
DE620,1,1,1,0,DE620-1
DE620,2,0,1,0,DE620-2
DE620,3,0,1,0,DE620-3
DE620,4,1,0,0,DE620-4
DE620,5,0,1,0,DE620-5
DE620,6,1,0,0,DE620-6
DE620,7,1,0,0,DE620-7
DE620,8,0,1,0,DE620-8
DE620,9,0,10,0,DE620-9
DE626,1,1,0,0,DE626-1
DE626,2,0,1,0,DE626-2
DE626,3,0,0,1,DE626-3
DE626,4,0,0,10,DE626-4
DE626,5,1,0,100,DE626-5
DE626,6,0,0,10,DE626-6
DE626,7,0,0,10,DE626-7
DE626,8,0,0,10,DE626-8
DE626,9,0,0,10,DE626-9
DE626,10,0,0,10,DE626-10
DE626,11,0,0,10,DE626-11
DE626,12,0,0,10,DE626-12
DE626,13,0,0,10,DE626-13
DE626,14,0,0,1,DE626-14
DE626,15,0,0,10,DE626-15
DE626,16,0,0,1,DE626-16
DE626,17,0,0,10,DE626-17
DE626,18,0,0,10,DE626-18
DE626,19,1,10,0,DE626-19
DE626,20,0,0,10,DE626-20
DE626,21,0,0,10,DE626-21
DE626,22,1,10,0,DE626-22
DE626,23,0,1,0,DE626-23
DE626,24,0,0,100,DE626-24
DE626,25,1,0,1000,DE626-25
DE626,26,0,0,10,DE626-26
DE626,27,10,0,100,DE626-27
DE626,28,0,0,1,DE626-28
DE626,29,1,0,0,DE626-29
DE626,30,0,0,10,DE626-30
DE626,31,0,0,10,DE626-31
DE626,32,0,0,10,DE626-32
DE626,33,0,0,10,DE626-33
DE626,34,1,0,0,DE626-34
DE626,35,1,0,10,DE626-35
DE626,36,1,0,10,DE626-36
DE626,37,0,0,10,DE626-37
DE626,38,0,0,1,DE626-38
DE626,39,1,0,0,DE626-39
DE626,40,0,0,1,DE626-40
DE626,41,0,0,1,DE626-41
DE626,42,0,0,1,DE626-42
DE626,43,0,1,0,DE626-43
DE626,44,1,0,10,DE626-44
DE626,45,0,0,10,DE626-45
DE626,46,0,0,1,DE626-46
DE626,47,1,0,1,DE626-47
DE621,1,0,0,1,DE621-1
DE621,2,0,1,0,DE621-2
DE621,3,0,0,1,DE621-3
DE621,4,1,0,10,DE621-4
DE621,5,0,0,10,DE621-5
DE621,6,1,0,10,DE621-6
DE621,7,0,1,10,DE621-7
DE621,8,0,0,100,DE621-8
DE621,9,0,0,100,DE621-9
DE621,10,1,1,10,DE621-10
DE621,11,0,0,100,DE621-11
DE621,12,0,0,10,DE621-12
DE621,13,0,0,10,DE621-13
DE621,14,0,1,0,DE621-14
DE621,15,0,0,100,DE621-15
DE621,16,0,1,0,DE621-16
DE621,17,0,0,100,DE621-17
DE621,18,1,0,100,DE621-18
DE621,19,0,1,0,DE621-19
DE621,20,0,0,10,DE621-20
DE621,21,0,0,10,DE621-21
DE621,22,0,1,10,DE621-22
DE621,23,0,0,100,DE621-23
DE621,24,0,0,10,DE621-24
DE621,25,0,0,100,DE621-25
DE621,26,0,0,10,DE621-26
DE621,27,0,0,10,DE621-27
DE621,28,0,0,10,DE621-28
DE621,29,0,10,100,DE621-29
DE621,30,0,0,10,DE621-30
DE621,31,0,0,1,DE621-31
DE621,32,1,0,0,DE621-32
DE621,33,0,0,1,DE621-33
DE621,34,0,0,10,DE621-34
DE621,35,0,0,10,DE621-35
DE621,36,1,0,0,DE621-36
DE621,37,0,0,10,DE621-37
DE621,38,0,0,100,DE621-38
DE621,39,1,1,10,DE621-39
JE511,1,0,0,1,JE511-1
JE511,2,1,1,0,JE511-2
JE511,3,0,1,0,JE511-3
JE511,4,1,0,1,JE511-4
JE511,5,0,1,0,JE511-5
JE511,6,0,1,0,JE511-6
JE511,7,1,1,0,JE511-7
JE511,8,0,1,0,JE511-8
JE511,9,0,1,0,JE511-9
JE511,10,0,1,0,JE511-10
JE511,11,1,0,1,JE511-11
JE511,12,0,0,1,JE511-12
JE511,13,1,10,0,JE511-13
JE511,14,0,10,0,JE511-14
JE511,15,0,1,0,JE511-15
JE511,16,1,0,0,JE511-16
JE511,17,0,1,0,JE511-17
JE511,18,0,1,0,JE511-18
JE511,19,1,0,0,JE511-19
JE511,20,0,1,0,JE511-20
JE511,21,10,0,1,JE511-21
JE511,22,1,0,0,JE511-22
JE511,23,10,0,10,JE511-23
JE512,1,0,1,0,JE512-1
JE512,2,0,1,0,JE512-2
JE512,3,1,0,0,JE512-3
JE513,1,0,0,10,JE513-1
JE513,2,0,1,0,JE513-2
JE513,3,0,0,1,JE513-3
JE513,4,0,0,1,JE513-4
JE513,5,0,0,1,JE513-5
JE513,6,0,0,10,JE513-6
JE513,7,0,0,100,JE513-7
JE513,8,0,1,0,JE513-8
JE513,9,0,1,0,JE513-9
JE513,10,0,1,0,JE513-10
JE513,11,1,1,0,JE513-11
JE514,1,1,0,10,JE514-1
JE514,2,10,10,100,JE514-2
JE514,3,0,1,0,JE514-3
JE514,4,0,0,1,JE514-4
JE514,5,10,1,10,JE514-5
JE514,6,0,0,10,JE514-6
JE514,7,0,0,10,JE514-7
JE514,8,0,1,0,JE514-8
JE514,9,0,10,0,JE514-9
JE514,10,1,1,10,JE514-10
JE514,11,0,1,0,JE514-11
JE514,12,0,0,10,JE514-12
JE514,13,0,1,0,JE514-13
JE514,14,0,1,0,JE514-14
JE514,15,0,1,0,JE514-15
JE514,16,0,1,0,JE514-16
JE514,17,1,0,0,JE514-17
JE514,18,0,0,10,JE514-18
JE514,19,1,0,10,JE514-19
JE514,20,0,0,10,JE514-20
JE514,21,1,0,10,JE514-21
JE514,22,0,1,0,JE514-22
JE514,23,1,0,1,JE514-23
JE515,1,1,0,0,JE515-1
JE515,2,0,10,0,JE515-2
JE515,3,1,1,0,JE515-3
JE516,1,0,0,1,JE516-1
JE516,2,0,0,10,JE516-2
JE516,3,1,0,10,JE516-3
JE516,4,1,0,10,JE516-4
JE516,5,10,0,100,JE516-5
JE516,6,0,0,10,JE516-6
JE516,7,10,0,0,JE516-7
JE516,8,0,0,10,JE516-8
JE516,9,0,0,10,JE516-9
JE516,10,1,0,1,JE516-10
JE516,11,1,0,10,JE516-11
JE516,12,1,0,10,JE516-12
JE516,13,10,0,100,JE516-13
JE516,14,1,0,10,JE516-14
JE516,15,1,0,1,JE516-15
JE516,16,0,10,1,JE516-16
JE517,1,1,0,0,JE517-1
JE517,2,0,0,1,JE517-2
JE517,3,1,0,1,JE517-3
JE517,4,0,0,1,JE517-4
JE517,5,0,0,1,JE517-5
JE517,6,1,0,1,JE517-6
JE517,7,0,0,1,JE517-7
JE517,8,1,0,0,JE517-8
JE517,9,0,0,1,JE517-9
DE622,1,10,1,0,DE622-1
DE622,2,0,1,0,DE622-2
DE622,3,1,0,0,DE622-3
DE622,4,0,1,0,DE622-4
DE622,5,0,0,1,DE622-5
DE622,6,0,0,10,DE622-6
DE622,7,0,0,10,DE622-7
DE624,1,0,0,10,DE624-1
DE624,2,0,0,1,DE624-2
DE624,3,1,0,0,DE624-3
DE624,4,1,0,10,DE624-4
DE625,0,0,0,0,DE625-0
DE627,1,0,0,1,DE627-1
DE627,2,1,0,0,DE627-2
DE627,3,1,0,0,DE627-3
DE627,4,0,0,10,DE627-4
DE627,5,0,0,100,DE627-5
DE627,6,0,0,1,DE627-6
DE627,7,0,0,1,DE627-7
DE627,8,0,0,1,DE627-8
DE627,9,0,0,1,DE627-9
DE627,10,0,0,1,DE627-10
DE627,11,0,0,1,DE627-11
DE627,12,0,0,1,DE627-12
DE627,13,0,0,1,DE627-13
DE628,1,1,0,10,DE628-1
DE628,2,10,1,0,DE628-2
DE628,3,10,1,10,DE628-3
DE628,4,10,1,0,DE628-4
DE628,5,1,0,10,DE628-5
DE628,6,1,0,0,DE628-6
DE628,7,10,0,0,DE628-7
DE628,8,1,0,0,DE628-8
DE628,9,10,0,0,DE628-9
DE628,10,10,0,10,DE628-10
DE628,11,1,0,10,DE628-11
DE628,12,0,0,10,DE628-12
DE628,13,1,0,0,DE628-13
DE628,14,0,0,10,DE628-14
DE628,15,1,0,1,DE628-15
DE628,16,10,0,0,DE628-16
DE628,17,1,0,0,DE628-17
DE628,18,1,0,10,DE628-18
DE628,19,1,0,10,DE628-19
DE628,20,1,0,0,DE628-20
DE628,21,0,0,1,DE628-21
DE628,22,10,1,0,DE628-22
DE628,23,10,1,10,DE628-23
DE628,24,10,1,0,DE628-24
DE628,25,10,1,0,DE628-25
DE628,26,1,10,0,DE628-26
DE628,27,1,0,1,DE628-27
DE628,28,0,0,1,DE628-28
DE628,29,100,10,0,DE628-29
DE628,30,10,1,10,DE628-30
DE628,31,1,0,10,DE628-31
DE628,32,1,1,0,DE628-32
DE628,33,10,0,10,DE628-33
DE628,34,1,0,10,DE628-34
DE628,35,10,0,0,DE628-35
DE628,36,10,0,0,DE628-36
DE628,37,0,0,10,DE628-37
DE628,38,1,0,0,DE628-38
DE628,39,10,0,0,DE628-39
DE628,40,0,0,1,DE628-40
DE628,41,10,0,1,DE628-41
DE628,42,1,0,1,DE628-42
DE628,43,10,0,0,DE628-43
DE628,44,10,0,10,DE628-44
DE628,45,10,0,0,DE628-45
DE628,46,0,0,10,DE628-46
DE628,47,1,0,10,DE628-47
DE628,48,10,0,0,DE628-48
DE628,49,10,0,10,DE628-49
DE628,50,1,0,0,DE628-50
DE628,51,100,1,0,DE628-51
DE628,52,10,0,0,DE628-52
JE518,1,0,0,1,JE518-1
JE518,2,1,0,1,JE518-2
JE518,3,0,0,10,JE518-3
JE518,4,0,0,1,JE518-4
JE518,5,0,0,10,JE518-5
JE518,6,0,0,1,JE518-6
DE629,1,0,1,0,DE629-1
DE629,2,0,1,0,DE629-2
DE629,3,0,1,0,DE629-3
DE629,4,0,0,100,DE629-4
DE629,5,0,1,100,DE629-5
DE629,6,0,1,0,DE629-6
DE629,7,0,0,1,DE629-7
DE629,8,0,0,10,DE629-8
DE629,9,0,1,10,DE629-9
DE629,10,0,1,10,DE629-10
DE629,11,0,1,1,DE629-11
DE629,12,0,10,0,DE629-12
DE629,13,0,1,0,DE629-13
DE629,14,100,0,10,DE629-14
DE629,15,10,0,0,DE629-15
DE629,16,0,0,10,DE629-16
DE630,1,0,1,0,DE630-1
DE630,2,0,1,0,DE630-2
DE631,1,10,0,0,DE631-1
DE631,2,1,0,0,DE631-2
DE631,3,10,0,100,DE631-3
DE631,4,1,0,0,DE631-4
DE631,5,0,0,10,DE631-5
DE631,6,0,0,10,DE631-6
DE631,7,0,0,100,DE631-7
DE631,8,0,0,10,DE631-8
DE631,9,1,0,0,DE631-9
DE631,10,0,0,1,DE631-10
DE631,11,0,0,10,DE631-11
DE631,12,0,0,10,DE631-12
DE631,13,1,0,0,DE631-13
DE631,14,0,0,10,DE631-14
JE519,1,1,0,0,JE519-1
JE519,2,0,0,10,JE519-2
JE519,3,0,0,1,JE519-3
JE519,4,1,0,10,JE519-4
JE519,5,0,0,100,JE519-5
JE519,6,1,1,0,JE519-6
JE519,7,1,0,100,JE519-7
JE519,8,0,0,10,JE519-8
JE519,9,10,0,1000,JE519-9
JE519,10,1,0,100,JE519-10
JE519,11,0,0,10,JE519-11
JE519,12,1,0,0,JE519-12
JE519,13,1,0,1,JE519-13
JE519,14,0,0,1,JE519-14
JE519,15,1,0,1,JE519-15
DE632,1,10,1,0,DE632-1
DE632,2,1,0,0,DE632-2
DE632,3,0,0,1,DE632-3
DE632,4,1,1,0,DE632-4
DE632,5,0,0,1,DE632-5
DE632,6,0,1,0,DE632-6
DE632,7,0,0,1,DE632-7
DE632,8,10,0,1,DE632-8
DE632,9,0,0,10,DE632-9
DE632,10,0,0,10,DE632-10
DE632,11,0,0,10,DE632-11
DE632,12,1,0,0,DE632-12
DE632,13,0,0,10,DE632-13
DE632,14,0,0,1,DE632-14
DE632,15,0,0,1,DE632-15
DE632,16,1,0,0,DE632-16
DE632,17,0,0,10,DE632-17
DE632,18,10,10,0,DE632-18
DE632,19,0,0,10,DE632-19
DE632,20,10,10,0,DE632-20
DE632,21,0,0,10,DE632-21
DE632,22,1,0,0,DE632-22
DE632,23,1,0,0,DE632-23
DE632,24,0,1,0,DE632-24
DE632,25,0,0,1,DE632-25
DE632,26,1,0,0,DE632-26
DE632,27,10,0,0,DE632-27
DE632,28,1,0,0,DE632-28
DE633,1,1,0,0,DE633-1
DE633,2,1,0,0,DE633-2
DE633,3,0,1,0,DE633-3
DE633,4,0,0,100,DE633-4
DE633,5,0,1,0,DE633-5
DE635,1,0,0,10,DE635-1
JE520,1,0,0,10,JE520-1
DE637,1,0,1,0,DE637-1
DE637,2,0,1,0,DE637-2
DE636,1,0,1,1,DE636-1
DE636,2,0,0,10,DE636-2
DE636,3,0,10,0,DE636-3
DE636,4,0,1,0,DE636-4
DE636,5,0,1,0,DE636-5
DE636,6,0,1,0,DE636-6
DE636,7,1,0,0,DE636-7
DE636,8,0,1,0,DE636-8
DE636,9,0,1,0,DE636-9
DE636,10,0,1,0,DE636-10
DE636,11,0,1,0,DE636-11
DE636,12,0,1,0,DE636-12
DE636,13,10,10,0,DE636-13
DE636,14,1,1,0,DE636-14
DE636,15,0,1,0,DE636-15
DE636,16,10,1,0,DE636-16
DE636,17,10,0,0,DE636-17
DE636,18,1,0,0,DE636-18
DE636,19,0,1,0,DE636-19
DE636,20,1,1,0,DE636-20
DE636,21,1,0,0,DE636-21
DE636,22,1,0,0,DE636-22
DE636,23,1,0,0,DE636-23
DE636,24,1,0,0,DE636-24
DE636,25,1,0,0,DE636-25
DE636,26,1,0,0,DE636-26
JE522,1,0,0,10,JE522-1
JE522,2,1,0,10,JE522-2
JE522,3,10,0,0,JE522-3
JE522,4,1,1,10,JE522-4
JE522,5,10,1,0,JE522-5
JE522,6,10,0,10,JE522-6
JE522,7,0,0,1,JE522-7
JE522,8,1,0,0,JE522-8
JE522,9,1,0,10,JE522-9
JE522,10,0,0,1,JE522-10
JE522,11,0,0,10,JE522-11
JE522,12,0,0,1,JE522-12
JE522,13,1,0,10,JE522-13
JE522,14,1,0,0,JE522-14
JE522,15,0,1,0,JE522-15
JE522,16,1,0,10,JE522-16
JE522,17,0,1,0,JE522-17
JE522,18,1,0,10,JE522-18
JE522,19,1,0,0,JE522-19
JE522,20,0,0,1,JE522-20
JE522,21,10,1,10,JE522-21
JE522,22,0,0,10,JE522-22
JE522,23,10,10,100,JE522-23
JE522,24,0,1,0,JE522-24
JE522,25,1,1,1,JE522-25
JE522,26,0,0,10,JE522-26
JE522,27,0,1,1,JE522-27
JE522,28,0,1,0,JE522-28
JE522,29,1,0,0,JE522-29
JE522,30,0,1,0,JE522-30
JE522,31,1,0,10,JE522-31
JE522,32,0,1,10,JE522-32
JE522,33,0,1,10,JE522-33
JE522,34,1,0,0,JE522-34
JE522,35,1,0,1,JE522-35
DE638,1,1,0,0,DE638-1
DE638,2,0,1,0,DE638-2
DE638,3,0,0,1,DE638-3
DE638,4,1,1,0,DE638-4
DE638,5,0,0,10,DE638-5
DE638,6,0,1,0,DE638-6
DE638,7,0,1,0,DE638-7
DE638,8,0,1,0,DE638-8
DE638,9,1,0,1,DE638-9
DE638,10,0,0,1,DE638-10
DE638,11,0,1,0,DE638-11
DE638,12,0,10,0,DE638-12
DE638,13,0,1,0,DE638-13
DE638,14,0,1,0,DE638-14
DE638,15,0,1,0,DE638-15
DE638,16,0,1,0,DE638-16
DE638,17,0,1,0,DE638-17
DE638,18,1,0,0,DE638-18
DE638,19,0,0,1,DE638-19
DE639,1,1,0,1,DE639-1
DE639,2,1,0,0,DE639-2
DE639,3,1,0,0,DE639-3
DE639,4,1,0,0,DE639-4
DE639,5,1,0,0,DE639-5
DE639,6,1,0,0,DE639-6
DE639,7,0,1,0,DE639-7
DE639,8,1,1,0,DE639-8
DE639,9,1,0,0,DE639-9
DE639,10,10,1,0,DE639-10
DE639,11,0,1,0,DE639-11
DE639,12,1,10,0,DE639-12
DE639,13,1,0,0,DE639-13
DE639,14,0,1,0,DE639-14
DE640,1,0,0,1,DE640-1
DE640,2,0,0,10,DE640-2
DE640,3,0,0,1,DE640-3
DE640,4,0,0,1,DE640-4
DE640,5,0,0,1,DE640-5
DE641,1,0,1,10,DE641-1
DE641,2,1,10,0,DE641-2
DE641,3,10,1,0,DE641-3
DE641,4,0,0,1,DE641-4
DE641,5,1,0,0,DE641-5
DE641,6,0,1,0,DE641-6
DE641,7,0,1,10,DE641-7
DE641,8,10,1,10,DE641-8
JE523,1,0,1,0,JE523-1
JE523,2,0,1,1,JE523-2
JE524,1,1,0,1,JE524-1
JE524,2,10,0,10,JE524-2
JE524,3,0,1,1,JE524-3
JE525,1,1,0,0,JE525-1
JE525,2,1,0,10,JE525-2
JE525,3,1,0,10,JE525-3
JE525,4,0,0,1,JE525-4
JE525,5,0,0,10,JE525-5
JE525,6,0,0,10,JE525-6
JE525,7,0,0,10,JE525-7
JE525,8,0,0,10,JE525-8
JE525,9,10,1,0,JE525-9
JE525,10,0,0,1,JE525-10
JE525,11,1,0,0,JE525-11
JE525,12,0,0,10,JE525-12
JE525,13,0,1,100,JE525-13
JE525,14,0,0,10,JE525-14
JE525,15,0,0,10,JE525-15
JE525,16,1,0,10,JE525-16
DE642,1,1,1,0,DE642-1
DE642,2,0,0,1,DE642-2
DE642,3,1,0,0,DE642-3
DE642,4,1,1,0,DE642-4
DE642,5,1,10,0,DE642-5
DE642,6,0,1,0,DE642-6
DE642,7,1,1,0,DE642-7
DE642,8,0,1,0,DE642-8
DE642,9,0,1,0,DE642-9
DE642,10,0,1,0,DE642-10
DE642,11,0,0,1,DE642-11
DE642,12,0,1,0,DE642-12
DE642,13,1,10,0,DE642-13
DE642,14,0,1,10,DE642-14
DE642,15,1,1,1,DE642-15
DE642,16,1,0,0,DE642-16
DE642,17,0,0,1,DE642-17
DE642,18,0,1,0,DE642-18
DE642,19,1,0,0,DE642-19
DE642,20,0,0,1,DE642-20
DE642,21,1,1,0,DE642-21
DE642,22,1,1,0,DE642-22
DE642,23,1,0,0,DE642-23
DE642,24,0,0,1,DE642-24
DE642,25,1,0,1,DE642-25
DE642,26,1,0,0,DE642-26
DE643,1,0,0,10,DE643-1
DE643,2,0,1,0,DE643-2
DE643,3,0,1,0,DE643-3
DE643,4,0,1,0,DE643-4
DE643,5,0,0,10,DE643-5
DE643,6,1,1,0,DE643-6
DE643,7,0,0,1,DE643-7
DE643,8,0,0,10,DE643-8
DE643,9,1,0,0,DE643-9
DE643,10,0,0,1,DE643-10
DE643,11,0,0,1,DE643-11
DE644,1,0,1,0,DE644-1
DE644,2,1,0,0,DE644-2
DE644,3,1,0,0,DE644-3
DE644,4,0,0,1,DE644-4
DE644,5,1,0,0,DE644-5
DE644,6,0,0,1,DE644-6
DE644,7,0,0,1,DE644-7
DE644,8,1,0,0,DE644-8
DE644,9,1,1,0,DE644-9
DE644,10,0,0,1,DE644-10
DE644,11,0,0,1,DE644-11
DE644,12,0,0,1,DE644-12
DE644,13,1,0,0,DE644-13
DE644,14,0,0,10,DE644-14
DE644,15,1,0,0,DE644-15
DE644,16,1,1,100,DE644-16
DE644,17,1,0,10,DE644-17
DE644,18,0,1,0,DE644-18
DE644,19,1,1,0,DE644-19
DE644,20,0,1,0,DE644-20
DE644,21,0,0,1,DE644-21
DE644,22,0,0,10,DE644-22
DE644,23,0,0,1,DE644-23
DE644,24,2,0,0,DE644-24
DE644,25,0,0,100,DE644-25
JE526,1,0,0,10,JE526-1
JE526,2,0,0,10,JE526-2
JE526,3,0,0,10,JE526-3
JE526,4,0,0,10,JE526-4
JE526,5,0,0,10,JE526-5
JE526,6,0,0,10,JE526-6
JE526,7,0,0,10,JE526-7
JE526,8,1,0,10,JE526-8
JE527,1,0,1,0,JE527-1
JE527,2,0,10,0,JE527-2
JE527,3,0,1,0,JE527-3
JE527,4,0,0,10,JE527-4
JE527,5,0,10,0,JE527-5
DE647,1,1,0,0,DE647-1
DE647,2,10,0,0,DE647-2
DE647,3,1,0,0,DE647-3
DE647,4,1,0,0,DE647-4
DE647,5,1,0,1,DE647-5
DE647,6,1,0,0,DE647-6
DE647,7,1,0,0,DE647-7
DE647,8,1,0,0,DE647-8
DE647,9,1,0,0,DE647-9
DE647,10,1,0,0,DE647-10
DE647,11,1,1,0,DE647-11
DE647,12,1,0,0,DE647-12
DE647,13,1,0,10,DE647-13
DE647,14,0,0,1,DE647-14
DE647,15,0,0,1,DE647-15
DE647,16,1,1,0,DE647-16
DE647,17,1,1,0,DE647-17
DE647,18,0,0,1,DE647-18
DE647,19,0,0,1,DE647-19
DE647,20,1,0,1,DE647-20
DE647,21,1,1,0,DE647-21
DE647,22,1,0,0,DE647-22
DE647,23,0,1,0,DE647-23
DE647,24,0,0,1,DE647-24
DE647,25,0,1,0,DE647-25
DE647,26,1,1,0,DE647-26
DE647,27,0,0,1,DE647-27
DE647,28,1,1,0,DE647-28
DE647,29,1,1,0,DE647-29
DE647,30,1,0,0,DE647-30
DE647,31,0,1,0,DE647-31
DE647,32,0,1,1,DE647-32
DE647,33,1,0,0,DE647-33
DE647,34,0,0,1,DE647-34
DE647,35,0,1,0,DE647-35
DE647,36,1,0,0,DE647-36
DE647,37,0,1,0,DE647-37
DE647,38,1,0,0,DE647-38
DE647,39,0,0,1,DE647-39
DE647,40,1,0,0,DE647-40
DE647,41,1,0,0,DE647-41
DE647,42,1,1,0,DE647-42
DE647,43,0,0,1,DE647-43
DE647,44,0,0,1,DE647-44
DE647,45,0,0,1,DE647-45
DE647,46,1,0,0,DE647-46
DE647,47,10,1,0,DE647-47
DE647,48,1,0,0,DE647-48
DE647,49,1,0,1,DE647-49
DE647,50,1,1,0,DE647-50
DE648,1,0,0,10,DE648-1
DE648,2,0,0,1,DE648-2
DE648,3,0,0,100,DE648-3
DE648,4,1,1,100,DE648-4
DE648,5,0,0,1,DE648-5
DE648,6,0,0,10,DE648-6
DE648,7,0,0,10,DE648-7
DE648,8,0,0,10,DE648-8
DE648,9,0,0,1,DE648-9
DE648,10,0,0,10,DE648-10
DE648,11,0,0,1,DE648-11
DE648,12,0,0,10,DE648-12
DE648,13,0,0,1,DE648-13
DE648,14,0,0,1,DE648-14
DE648,15,0,0,1,DE648-15
DE648,16,0,0,10,DE648-16
DE648,17,0,0,1,DE648-17
DE648,18,0,0,1,DE648-18
DE648,19,0,0,1,DE648-19
DE648,20,0,0,1,DE648-20
DE648,21,1,0,1,DE648-21
DE648,22,0,1,1,DE648-22
DE648,23,0,0,1,DE648-23
DE648,24,1,0,10,DE648-24
DE648,25,0,0,10,DE648-25
DE648,26,0,0,10,DE648-26
DE648,27,1,0,1,DE648-27
DE648,28,0,0,10,DE648-28
DE648,29,0,0,10,DE648-29
DE648,30,0,0,1,DE648-30
DE648,31,0,0,1,DE648-31
DE648,32,0,0,10,DE648-32
DE648,33,0,0,10,DE648-33
DE648,34,0,0,1,DE648-34
DE648,35,0,0,1,DE648-35
DE648,36,0,0,1,DE648-36
DE648,37,0,0,1,DE648-37
DE649,1,10,0,1,DE649-1
DE649,2,1,0,0,DE649-2
DE649,3,0,1,1,DE649-3
DE649,4,0,1,0,DE649-4
DE649,5,1,1,1,DE649-5
DE649,6,0,10,0,DE649-6
DE649,7,0,1,1,DE649-7
DE649,8,1,1,1,DE649-8
DE649,9,0,0,1,DE649-9
DE649,10,0,0,1,DE649-10
DE649,11,0,1,0,DE649-11
DE649,12,1,1,1,DE649-12
DE649,13,1,1,10,DE649-13
DE649,14,0,1,1,DE649-14
DE649,15,0,1,1,DE649-15
DE649,16,0,0,10,DE649-16
DE649,17,0,1,10,DE649-17
DE649,18,1,0,0,DE649-18
DE649,19,0,0,10,DE649-19
DE649,20,0,0,1,DE649-20
DE649,21,1,1,0,DE649-21
DE649,22,0,0,1,DE649-22
DE649,23,0,0,1,DE649-23
DE649,24,10,1,0,DE649-24
DE649,25,0,0,1,DE649-25
DE649,26,0,1,0,DE649-26
DE649,27,0,0,10,DE649-27
DE649,28,0,0,1,DE649-28
DE649,29,10,1,10,DE649-29
DE649,30,0,1,0,DE649-30
DE649,31,0,0,10,DE649-31
DE649,32,0,0,10,DE649-32
DE649,33,10,0,0,DE649-33
DE649,34,0,0,10,DE649-34
DE649,35,0,1,0,DE649-35
DE649,36,0,0,1,DE649-36
DE649,37,0,0,1,DE649-37
DE649,38,1,0,1,DE649-38
DE649,39,1,0,1,DE649-39
DE649,40,1,0,0,DE649-40
DE649,41,1,1,1,DE649-41
DE649,42,1,1,0,DE649-42
DE649,43,0,0,10,DE649-43
JE528,1,0,0,1,JE528-1
JE528,2,0,0,1,JE528-2
JE528,3,0,0,1,JE528-3
JE528,4,0,1,1,JE528-4
JE528,5,1,1,10,JE528-5
JE528,6,0,1,0,JE528-6
JE529,1,0,0,1,JE529-1
JE529,2,1,10,0,JE529-2
JE529,3,1,0,10,JE529-3
JE529,4,0,1,0,JE529-4
JE529,5,0,0,1,JE529-5
JE529,6,0,0,1,JE529-6
JE529,7,0,0,10,JE529-7
JE529,8,0,1,0,JE529-8
JE529,9,10,1,10,JE529-9
JE529,10,0,1,10,JE529-10
JE529,11,1,1,1,JE529-11
DE645,1,0,0,1,DE645-1
DE645,2,1,1,0,DE645-2
DE645,3,1,0,0,DE645-3
DE645,4,1,0,0,DE645-4
DE646,1,0,0,1,DE646-1
DE646,2,0,1,0,DE646-2
DE650,1,0,0,1,DE650-1
DE651,1,0,0,1,DE651-1
DE651,2,0,1,0,DE651-2
DE651,3,0,1,10,DE651-3
DE651,4,0,0,1,DE651-4
DE651,5,0,1,0,DE651-5
DE651,6,1,0,0,DE651-6
DE652,1,0,1,0,DE652-1
DE652,2,0,0,1,DE652-2
DE652,3,0,0,1,DE652-3
DE652,4,0,1,0,DE652-4
DE652,5,0,1,0,DE652-5
DE652,6,0,0,1,DE652-6
DE652,7,0,0,1,DE652-7
DE652,8,0,0,10,DE652-8
DE652,9,0,1,1,DE652-9
DE652,10,1,1,0,DE652-10
DE652,11,0,0,1,DE652-11
DE700,1,0,1,0,DE700-1
DE700,2,0,10,10,DE700-2
DE700,3,1,100,0,DE700-3
DE701,1,0,10,0,DE701-1
DE701,2,0,1,0,DE701-2
DE701,3,0,0,1,DE701-3
DE702,1,0,1,0,DE702-1
DE702,2,0,1,0,DE702-2
DE702,3,0,1,0,DE702-3
DE702,4,0,1,0,DE702-4
DE702,5,0,1,0,DE702-5
DE703,1,0,1,0,DE703-1
DE703,2,0,1,0,DE703-2
DE703,3,0,1,0,DE703-3
DE703,4,0,1,0,DE703-4
DE703,5,0,1,0,DE703-5
DE703,6,0,1,0,DE703-6
DE703,7,0,1,0,DE703-7
DE703,8,0,10,0,DE703-8
DE703,9,0,10,0,DE703-9
DE703,10,1,1,0,DE703-10
DE703,11,1,10,0,DE703-11
DE703,12,0,1,0,DE703-12
DE703,13,1,1,0,DE703-13
DE703,14,0,1,0,DE703-14
DE703,15,10,10,0,DE703-15
DE703,16,1,0,0,DE703-16
DE703,17,0,1,0,DE703-17
DE703,18,0,1,0,DE703-18
DE703,19,0,1,0,DE703-19
DE703,20,0,1,0,DE703-20
DE703,21,0,1,0,DE703-21
DE703,22,0,1,0,DE703-22
DE703,23,1,0,0,DE703-23
DE703,24,0,1,0,DE703-24
DE703,25,0,1,0,DE703-25
DE703,26,1,0,0,DE703-26
DE704,1,0,1,0,DE704-1
DE704,2,0,1,0,DE704-2
DE704,3,0,1,0,DE704-3
DE704,4,0,1,0,DE704-4
DE704,5,0,1,0,DE704-5
DE704,6,0,1,0,DE704-6
DE704,7,0,1,0,DE704-7
DE704,8,0,10,0,DE704-8
DE704,9,1,1,0,DE704-9
DE704,10,0,1,0,DE704-10
DE704,11,0,1,0,DE704-11
DE704,12,0,1,0,DE704-12
DE706,1,0,10,0,DE706-1
DE706,2,0,1,0,DE706-2
DE706,3,0,1,0,DE706-3
DE706,4,0,1,0,DE706-4
DE706,5,0,1,0,DE706-5
DE706,6,0,1,0,DE706-6
DE706,7,0,1,0,DE706-7
DE706,8,1,0,0,DE706-8
DE706,9,1,0,0,DE706-9
DE706,10,1,1,0,DE706-10
DE706,11,1,0,0,DE706-11
DE706,12,1,0,0,DE706-12
DE706,13,1,0,0,DE706-13
DE706,14,1,0,0,DE706-14
DE706,15,1,0,0,DE706-15
DE706,16,0,1,0,DE706-16
DE706,17,0,1,0,DE706-17
DE706,18,1,1,0,DE706-18
DE706,19,1,1,0,DE706-19
DE706,20,0,1,0,DE706-20
DE706,21,1,0,0,DE706-21
DE706,22,1,0,0,DE706-22
DE706,23,1,0,0,DE706-23
DE706,24,1,0,0,DE706-24
DE706,25,1,0,0,DE706-25
DE706,26,1,1,0,DE706-26
DE706,27,1,0,0,DE706-27
DE706,28,1,10,0,DE706-28
DE706,29,0,1,0,DE706-29
DE706,30,0,1,0,DE706-30
DE706,31,0,1,0,DE706-31
DE706,32,0,1,0,DE706-32
DE706,33,1,0,0,DE706-33
DE706,34,0,1,0,DE706-34
DE706,35,0,1,0,DE706-35
DE706,36,0,0,1,DE706-36
DE706,37,0,1,0,DE706-37
DE706,38,1,0,0,DE706-38
DE706,39,1,0,0,DE706-39
DE706,40,1,0,0,DE706-40
DE706,41,0,1,0,DE706-41
DE706,42,1,0,0,DE706-42
DE706,43,0,1,0,DE706-43
DE707,1,0,1,0,DE707-1
DE707,2,1,0,1,DE707-2
DE707,3,1,1,0,DE707-3
DE707,4,0,1,0,DE707-4
DE707,5,0,1,0,DE707-5
DE707,6,1,0,0,DE707-6
DE707,7,0,1,0,DE707-7
DE707,8,0,1,0,DE707-8
DE707,9,0,1,0,DE707-9
DE708,1,0,1,0,DE708-1
DE708,2,0,1,0,DE708-2
DE708,3,0,1,0,DE708-3
DE708,4,0,1,0,DE708-4
DE708,5,1,0,0,DE708-5
DE709,1,0,1,0,DE709-1
DE709,2,0,1,0,DE709-2
DE709,3,0,1,0,DE709-3
DE709,4,0,10,0,DE709-4
DE709,5,0,1,0,DE709-5
DE709,6,0,1,0,DE709-6
DE709,7,0,10,0,DE709-7
DE709,8,0,1,0,DE709-8
DE709,9,0,1,0,DE709-9
DE709,10,1,0,0,DE709-10
DE709,11,0,1,0,DE709-11
DE709,12,0,1,0,DE709-12
DE709,13,0,0,10,DE709-13
DE709,14,0,1,0,DE709-14
DE709,15,0,1,0,DE709-15
DE709,16,0,0,100,DE709-16
DE709,17,0,0,10,DE709-17
DE709,18,1,0,0,DE709-18
DE709,19,0,1,100,DE709-19
DE709,20,1,1,10,DE709-20
DE709,21,0,1,0,DE709-21
DE709,22,0,0,10,DE709-22
DE709,23,0,0,10,DE709-23
DE709,24,0,1,0,DE709-24
DE709,25,0,0,1,DE709-25
DE709,26,0,0,1,DE709-26
DE709,27,0,1,0,DE709-27
DE709,28,0,0,10,DE709-28
DE709,29,0,0,1,DE709-29
DE710,1,0,0,1,DE710-1
DE710,2,0,0,10,DE710-2
DE710,3,0,1,10,DE710-3
DE710,4,0,0,1,DE710-4
DE710,5,0,0,10,DE710-5
DE710,6,0,1,0,DE710-6
DE710,7,0,1,0,DE710-7
DE710,8,0,10,10,DE710-8
DE710,9,0,1,1,DE710-9
DE710,10,0,1,1,DE710-10
DE710,11,1,1,1000,DE710-11
DE710,12,0,1,0,DE710-12
DE710,13,0,1,0,DE710-13
DE710,14,0,1,0,DE710-14
DE711,1,1,0,10,DE711-1
DE711,2,1,0,0,DE711-2
DE711,3,1,0,0,DE711-3
DE711,4,0,0,1,DE711-4
DE711,5,10,10,0,DE711-5
DE711,6,0,10,0,DE711-6
DE711,7,10,10,10,DE711-7
DE711,8,0,10,1,DE711-8
DE711,9,0,0,10,DE711-9
DE711,10,0,0,10,DE711-10
DE711,11,0,0,1,DE711-11
DE711,12,0,1,10,DE711-12
DE711,13,1,1,0,DE711-13
DE711,14,1,1,0,DE711-14
DE711,15,1,1,10,DE711-15
DE711,16,0,1,0,DE711-16
DE711,17,10,0,0,DE711-17
DE711,18,0,1,0,DE711-18
DE711,19,0,0,1,DE711-19
DE711,20,0,0,1,DE711-20
DE711,21,10,10,1,DE711-21
DE711,22,1,0,0,DE711-22
DE711,23,0,0,1,DE711-23
DE711,24,0,1,0,DE711-24
DE711,25,10,10,0,DE711-25
DE711,26,1,0,0,DE711-26
DE711,27,1,10,0,DE711-27
DE711,28,10,1,0,DE711-28
DE711,29,1,1,0,DE711-29
DE711,30,1,1,0,DE711-30
DE711,31,1,1,0,DE711-31
DE711,32,1,0,0,DE711-32
DE711,33,10,0,0,DE711-33
DE711,34,0,1,1,DE711-34
DE711,35,1,1,0,DE711-35
DE711,36,1,0,0,DE711-36
DE711,37,1,10,0,DE711-37
DE711,38,0,0,10,DE711-38
DE711,39,10,10,0,DE711-39
DE711,40,10,10,0,DE711-40
DE711,41,0,1,0,DE711-41
DE711,42,1,10,0,DE711-42
DE711,43,0,10,0,DE711-43
DE711,44,1,10,0,DE711-44
DE711,45,1,1,0,DE711-45
DE711,46,1,1,10,DE711-46
DE711,47,10,1,0,DE711-47
DE711,48,100,10,10,DE711-48
DE711,49,0,10,0,DE711-49
DE711,50,10,100,10,DE711-50
DE711,51,0,1,0,DE711-51
DE711,52,10,0,0,DE711-52
DE711,53,0,1,0,DE711-53
DE712,1,1,1,0,DE712-1
DE712,2,0,0,1,DE712-2
DE712,3,1,0,10,DE712-3
DE712,4,1,0,0,DE712-4
DE712,5,1,0,0,DE712-5
DE712,6,1,0,0,DE712-6
DE712,7,1,10,0,DE712-7
DE712,8,0,10,0,DE712-8
DE712,9,1,0,0,DE712-9
DE712,10,0,1,0,DE712-10
DE713,1,0,1,0,DE713-1
DE713,2,0,0,10,DE713-2
DE713,3,0,0,1,DE713-3
DE713,4,0,1,0,DE713-4
DE713,5,0,1,0,DE713-5
DE713,6,0,10,0,DE713-6
DE713,7,0,0,1,DE713-7
DE713,8,0,0,10,DE713-8
DE713,9,0,1,0,DE713-9
DE713,10,0,0,10,DE713-10
DE713,11,1,0,10,DE713-11
DE713,12,0,0,10,DE713-12
DE713,13,0,1,0,DE713-13
DE713,14,0,0,10,DE713-14
DE713,15,0,0,10,DE713-15
DE713,16,0,0,10,DE713-16
DE713,17,0,0,10,DE713-17
DE713,18,0,1,0,DE713-18
DE713,19,0,0,1,DE713-19
DE713,20,0,1,0,DE713-20
DE713,21,0,0,1,DE713-21
DE713,22,0,0,10,DE713-22
DE713,23,0,0,10,DE713-23
DE713,24,1,0,0,DE713-24
DE713,25,0,0,10,DE713-25
DE713,26,0,100,0,DE713-26
DE713,27,0,0,1,DE713-27
DE713,28,0,0,1,DE713-28
DE713,29,1,10,0,DE713-29
DE713,30,0,0,1,DE713-30
DE713,31,0,0,10,DE713-31
DE713,32,1,0,10,DE713-32
DE713,33,1,1,0,DE713-33
DE713,34,0,0,1,DE713-34
DE713,35,0,0,1,DE713-35
DE713,36,0,10,0,DE713-36
DE713,37,0,0,100,DE713-37
DE713,38,0,0,1,DE713-38
DE713,39,0,1,0,DE713-39
DE713,40,0,0,1,DE713-40
DE713,41,0,0,1,DE713-41
DE713,42,0,0,1,DE713-42
DE713,43,0,0,1,DE713-43
DE713,44,1,0,0,DE713-44
DE713,45,1,0,100,DE713-45
DE713,46,0,0,10,DE713-46
DE713,47,1,10,0,DE713-47
DE713,48,0,0,1,DE713-48
DE713,49,0,0,1,DE713-49
DE713,50,0,0,1,DE713-50
DE713,51,0,1,0,DE713-51
DE713,52,0,0,1,DE713-52
DE714,1,0,1,0,DE714-1
DE714,2,1,1,0,DE714-2
DE714,3,0,1,0,DE714-3
DE714,4,0,1,0,DE714-4
DE714,5,0,1,0,DE714-5
DE714,6,0,0,1,DE714-6
DE714,7,1,0,0,DE714-7
DE714,8,0,1,0,DE714-8
DE714,9,1,0,0,DE714-9
DE714,10,0,10,1,DE714-10
DE714,11,0,1,0,DE714-11
DE714,12,0,1,0,DE714-12
DE714,13,0,10,0,DE714-13
DE714,14,0,1,1,DE714-14
DE714,15,0,1,0,DE714-15
DE714,16,0,1,1,DE714-16
DE714,17,0,1,0,DE714-17
DE714,18,1,0,0,DE714-18
DE714,19,0,1,10,DE714-19
DE714,20,0,1,0,DE714-20
DE714,21,0,1,1,DE714-21
DE714,22,0,1,0,DE714-22
DE714,23,0,1,0,DE714-23
DE714,24,1,0,0,DE714-24
DE714,25,1,0,0,DE714-25
DE714,26,0,1,0,DE714-26
DE714,27,0,1,0,DE714-27
DE714,28,1,0,0,DE714-28
DE714,29,1,1,0,DE714-29
DE714,30,0,1,0,DE714-30
DE714,31,0,10,0,DE714-31
DE714,32,0,1,0,DE714-32
DE714,33,1,0,0,DE714-33
DE714,34,0,0,1,DE714-34
DE714,35,1,1,0,DE714-35
DE714,36,1,0,1,DE714-36
DE714,37,0,1,0,DE714-37
DE714,38,0,1,0,DE714-38
DE714,39,1,1,1,DE714-39
DE714,40,0,10,0,DE714-40
DE714,41,0,1,0,DE714-41
DE714,42,0,1,0,DE714-42
DE714,43,1,10,0,DE714-43
DE714,44,0,1,0,DE714-44
DE714,45,1,0,0,DE714-45
DE714,46,1,10,0,DE714-46
DE714,47,0,1,0,DE714-47
DE715,1,0,10,0,DE715-1
DE715,2,0,0,10,DE715-2
DE715,3,0,10,0,DE715-3
DE715,4,0,0,1,DE715-4
DE715,5,0,0,1,DE715-5
DE715,6,0,1,0,DE715-6
DE715,7,1,0,1,DE715-7
DE715,8,0,0,1,DE715-8
DE715,9,0,1,10,DE715-9
DE715,10,0,10,0,DE715-10
DE715,11,0,10,0,DE715-11
DE715,12,0,10,0,DE715-12
DE715,13,0,0,10,DE715-13
DE715,14,0,1,1,DE715-14
DE715,15,0,10,100,DE715-15
DE715,16,0,10,1,DE715-16
DE715,17,0,1,1,DE715-17
DE715,18,0,1,0,DE715-18
DE715,19,0,1,0,DE715-19
DE715,20,0,0,1,DE715-20
DE715,21,0,1,1,DE715-21
DE715,22,0,10,0,DE715-22
DE715,23,0,1,0,DE715-23
DE715,24,0,10,10,DE715-24
DE715,25,0,10,10,DE715-25
DE715,26,0,0,1,DE715-26
DE715,27,0,10,0,DE715-27
DE715,28,0,0,10,DE715-28
DE715,29,0,1,1,DE715-29
DE715,30,0,0,1,DE715-30
DE715,31,1,0,10,DE715-31
DE715,32,0,10,10,DE715-32
DE715,33,0,1,10,DE715-33
DE715,34,0,1,10,DE715-34
DE715,35,0,1,0,DE715-35
DE715,36,0,0,1,DE715-36
DE715,37,0,1,0,DE715-37
DE715,38,0,10,10,DE715-38
DE715,39,0,0,10,DE715-39
DE715,40,0,0,1,DE715-40
DE715,41,0,1,0,DE715-41
DE715,42,0,1,10,DE715-42
DE715,43,0,0,1,DE715-43
DE715,44,0,0,1,DE715-44
DE715,45,0,1,0,DE715-45
DE715,46,0,1,1,DE715-46
DE715,47,0,0,10,DE715-47
DE715,48,0,1,0,DE715-48
DE715,49,0,0,10,DE715-49
DE715,50,0,0,10,DE715-50
DE715,51,0,0,1,DE715-51
DE715,52,0,1,0,DE715-52
DE715,53,0,0,1,DE715-53
DE715,54,0,0,10,DE715-54
DE715,55,0,0,1,DE715-55
DE715,56,0,0,10,DE715-56
DE715,57,0,1,0,DE715-57
DE715,58,0,1,1,DE715-58
DE715,59,0,1,0,DE715-59
DE715,60,0,0,1,DE715-60
DE715,61,0,10,1,DE715-61
DE715,62,0,1,1,DE715-62
DE715,63,0,0,1,DE715-63
DE715,64,0,1,0,DE715-64
DE715,65,1,0,0,DE715-65
DE715,66,0,1,1,DE715-66
DE715,67,0,0,10,DE715-67
DE715,68,1,1,0,DE715-68
DE715,69,0,0,1,DE715-69
DE715,70,0,1,0,DE715-70
DE715,71,0,0,10,DE715-71
DE715,72,0,1,0,DE715-72
DE715,73,0,0,1,DE715-73
DE715,74,0,0,1,DE715-74
DE715,75,0,1,0,DE715-75
DE715,76,0,10,10,DE715-76
DE715,77,0,0,1,DE715-77
DE715,78,0,1,0,DE715-78
DE715,79,0,0,1,DE715-79
DE715,80,0,1,10,DE715-80
DE716,1,0,1,1,DE716-1
DE716,2,0,1,10,DE716-2
DE716,3,0,1,0,DE716-3
DE716,4,0,1,0,DE716-4
DE717,1,0,1,0,DE717-1
DE717,2,0,1,0,DE717-2
DE717,3,0,1,0,DE717-3
DE717,4,1,10,0,DE717-4
DE718,1,0,1,0,DE718-1
DE718,2,0,1,0,DE718-2
DE718,3,0,1,10,DE718-3
DE718,4,0,1,0,DE718-4
DE718,5,0,1,0,DE718-5
DE718,6,0,0,1,DE718-6
DE718,7,0,1,0,DE718-7
DE718,8,0,1,0,DE718-8
DE718,9,0,1,0,DE718-9
DE718,10,0,0,1,DE718-10
DE718,11,0,1,0,DE718-11
DE718,12,0,1,0,DE718-12
DE718,13,0,1,0,DE718-13
DE718,14,0,1,0,DE718-14
DE718,15,0,1,0,DE718-15
DE718,16,0,1,0,DE718-16
DE718,17,0,1,0,DE718-17
DE718,18,0,1,0,DE718-18
DE718,19,0,1,0,DE718-19
DE718,20,0,1,0,DE718-20
DE718,21,0,1,0,DE718-21
DE718,22,0,10,0,DE718-22
DE718,23,0,0,1,DE718-23
DE718,24,0,0,1,DE718-24
DE718,25,0,1,0,DE718-25
DE718,26,0,1,0,DE718-26
DE718,27,0,1,0,DE718-27
DE718,28,0,0,1,DE718-28
DE718,29,0,0,1,DE718-29
DE718,30,0,1,0,DE718-30
DE718,31,0,0,1,DE718-31
DE718,32,0,1,0,DE718-32
DE718,33,0,1,0,DE718-33
DE718,34,0,0,1,DE718-34
DE718,35,0,0,1,DE718-35
DE718,36,0,1,1,DE718-36
DE718,37,0,0,1,DE718-37
DE718,38,0,1,0,DE718-38
DE718,39,0,1,0,DE718-39
DE718,40,0,1,0,DE718-40
DE718,41,0,0,1,DE718-41
DE718,42,1,0,1,DE718-42
DE718,43,0,1,0,DE718-43
DE718,44,0,1,0,DE718-44
DE718,45,0,1,0,DE718-45
DE720,1,0,1,0,DE720-1
DE720,2,0,0,10,DE720-2
DE720,3,0,1,1,DE720-3
DE720,4,1,0,0,DE720-4
DE720,5,0,0,1,DE720-5
DE721,1,0,1,0,DE721-1
DE721,2,0,0,1,DE721-2
DE721,3,0,1,0,DE721-3
DE721,4,0,1,0,DE721-4
DE721,5,0,0,1,DE721-5
DE721,6,0,0,1,DE721-6
DE721,7,0,0,1,DE721-7
DE721,8,0,0,1,DE721-8
DE721,9,0,1,0,DE721-9
DE721,10,0,1,0,DE721-10
DE721,11,0,1,0,DE721-11
DE721,12,0,1,0,DE721-12
DE721,13,0,1,0,DE721-13
DE721,14,0,1,0,DE721-14
DE721,15,0,0,1,DE721-15
DE721,16,0,1,0,DE721-16
DE721,17,0,1,0,DE721-17
DE721,18,0,1,0,DE721-18
DE721,19,0,1,0,DE721-19
DE721,20,1,0,0,DE721-20
DE721,21,0,0,1,DE721-21
DE721,22,0,1,0,DE721-22
DE721,23,0,0,1,DE721-23
DE721,24,0,1,0,DE721-24
DE721,25,0,1,0,DE721-25
DE721,26,0,0,1,DE721-26
DE721,27,0,0,1,DE721-27
DE721,28,1,1,0,DE721-28
DE721,29,0,1,0,DE721-29
DE721,30,1,1,0,DE721-30
DE721,31,0,1,0,DE721-31
DE721,32,0,1,0,DE721-32
DE721,33,1,0,0,DE721-33
DE721,34,0,1,0,DE721-34
DE721,35,0,1,0,DE721-35
DE721,36,0,0,1,DE721-36
DE721,37,0,1,0,DE721-37
DE721,38,0,10,0,DE721-38
DE721,39,1,0,0,DE721-39
DE721,40,0,1,0,DE721-40
DE721,41,1,1,0,DE721-41
DE721,42,0,1,0,DE721-42
DE721,43,0,1,0,DE721-43
DE721,44,0,1,0,DE721-44
DE721,45,0,1,0,DE721-45
DE721,46,0,1,0,DE721-46
DE721,47,0,1,0,DE721-47
DE722,1,0,1,0,DE722-1
DE722,2,0,1,0,DE722-2
DE722,3,0,1,0,DE722-3
DE722,4,0,1,0,DE722-4
DE722,5,0,1,0,DE722-5
DE722,6,0,1,0,DE722-6
DE722,7,0,1,0,DE722-7
DE722,8,0,1,0,DE722-8
DE722,9,0,1,0,DE722-9
DE722,10,0,1,0,DE722-10
DE803,1,0,1,0,DE803-1
DE803,2,0,1,0,DE803-2
DE804,1,0,1,0,DE804-1
DE804,2,0,0,10,DE804-2
DE804,3,0,1,0,DE804-3
DE804,4,0,1,0,DE804-4
DE804,5,1,1,0,DE804-5
DE804,6,0,0,1,DE804-6
DE804,7,0,1,0,DE804-7
DE805,1,0,1,0,DE805-1
DE805,2,0,0,1,DE805-2
DE805,3,0,1,0,DE805-3
DE805,4,0,1,10,DE805-4
DE805,5,0,1,0,DE805-5
DE805,6,0,0,10,DE805-6
DE805,7,0,1,10,DE805-7
DE805,8,0,1,0,DE805-8
DE805,9,0,0,10,DE805-9
DE805,10,0,1,0,DE805-10
DE805,11,1,0,0,DE805-11
DE805,12,0,1,0,DE805-12
DE805,13,0,0,1,DE805-13
DE805,14,0,1,0,DE805-14
DE805,15,0,10,1,DE805-15
DE805,16,0,10,0,DE805-16
DE805,17,0,1,10,DE805-17
DE805,18,0,10,0,DE805-18
DE805,19,0,0,1,DE805-19
DE805,20,0,1,0,DE805-20
DE805,21,0,0,1,DE805-21
DE805,22,0,1,0,DE805-22
DE805,23,0,1,10,DE805-23
DE805,24,0,0,10,DE805-24
DE805,25,0,0,1,DE805-25
DE805,26,0,0,10,DE805-26
DE805,27,0,10,10,DE805-27
DE805,28,0,10,0,DE805-28
DE805,29,1,10,10,DE805-29
DE805,30,0,0,10,DE805-30
DE805,31,0,10,0,DE805-31
DE805,32,0,1,0,DE805-32
DE805,33,0,10,0,DE805-33
DE805,34,0,1,10,DE805-34
DE805,35,0,0,1,DE805-35
DE805,36,0,1,1,DE805-36
DE805,37,0,0,1,DE805-37
DE805,38,1,0,0,DE805-38
DE805,39,0,1,0,DE805-39
DE805,40,0,1,0,DE805-40
DE805,41,0,1,0,DE805-41
DE805,42,0,1,0,DE805-42
DE805,43,0,0,1,DE805-43
DE805,44,0,1,0,DE805-44
DE805,45,0,1,1,DE805-45
DE805,46,0,0,1,DE805-46
DE805,47,0,0,10,DE805-47
DE805,48,0,1,0,DE805-48
DE805,49,0,10,10,DE805-49
DE805,50,0,10,0,DE805-50
DE805,51,0,10,0,DE805-51
DE805,52,0,10,0,DE805-52
DE806,1,0,0,10,DE806-1
DE806,2,0,0,10,DE806-2
DE806,3,0,0,10,DE806-3
DE806,4,0,0,10,DE806-4
DE806,5,0,0,10,DE806-5
DE806,6,0,0,10,DE806-6
DE806,7,0,1,0,DE806-7
DE806,8,0,10,0,DE806-8
DE806,9,0,1,0,DE806-9
DE806,10,0,10,0,DE806-10
DE806,11,0,1,0,DE806-11
DE806,12,0,0,10,DE806-12
DE806,13,0,0,10,DE806-13
DE806,14,0,0,10,DE806-14
DE806,15,0,10,0,DE806-15
DE806,16,0,10,100,DE806-16
DE806,17,0,10,100,DE806-17
DE806,18,0,10,100,DE806-18
DE806,19,0,1,0,DE806-19
DE807,1,0,0,10,DE807-1
DE807,2,0,10,1,DE807-2
DE807,3,0,0,10,DE807-3
DE807,4,0,1,0,DE807-4
DE807,5,0,0,100,DE807-5
DE807,6,1,0,1000,DE807-6
DE807,7,0,0,10,DE807-7
DE807,8,0,0,100,DE807-8
DE807,9,0,0,10,DE807-9
DE807,10,0,0,10,DE807-10
DE807,11,0,1,1,DE807-11
DE807,12,0,0,10,DE807-12
DE807,13,0,0,10,DE807-13
DE807,14,0,1,0,DE807-14
DE807,15,0,0,10,DE807-15
DE807,16,0,0,1,DE807-16
DE807,17,0,0,10,DE807-17
DE807,18,0,0,100,DE807-18
DE807,19,0,1,10,DE807-19
DE807,20,0,1,10,DE807-20
DE807,21,1,0,0,DE807-21
DE807,22,0,1,0,DE807-22
DE807,23,0,1,1,DE807-23
DE807,24,0,1,0,DE807-24
DE807,25,1,0,0,DE807-25
DE807,26,0,10,0,DE807-26
DE807,27,0,0,10,DE807-27
DE807,28,0,0,1,DE807-28
DE807,29,0,0,100,DE807-29
DE807,30,0,10,0,DE807-30
DE807,31,0,0,10,DE807-31
DE807,32,0,1,0,DE807-32
DE807,33,0,1,1,DE807-33
DE807,34,0,10,10,DE807-34
DE807,35,0,0,100,DE807-35
DE807,36,0,0,10,DE807-36
DE807,37,0,1,0,DE807-37
DE807,38,1,1,0,DE807-38
DE807,39,0,0,10,DE807-39
DE807,40,1,0,10,DE807-40
DE807,41,0,0,10,DE807-41
DE807,42,1,0,10,DE807-42
DE807,43,0,0,10,DE807-43
DE807,44,0,1,10,DE807-44
DE808,1,0,1,0,DE808-1
DE808,2,0,1,0,DE808-2
DE808,3,0,10,0,DE808-3
DE808,4,0,1,10,DE808-4
DE808,5,0,1,1,DE808-5
DE808,6,0,1,0,DE808-6
DE808,7,0,0,10,DE808-7
DE808,8,0,1,10,DE808-8
DE808,9,0,0,10,DE808-9
DE808,10,0,0,10,DE808-10
DE808,11,0,1,0,DE808-11
DE808,12,0,1,0,DE808-12
DE808,13,0,0,10,DE808-13
DE808,14,0,1,0,DE808-14
DE808,15,0,1,0,DE808-15
DE808,16,0,1,100,DE808-16
DE808,17,0,0,10,DE808-17
DE808,18,0,1,10,DE808-18
DE808,19,0,0,10,DE808-19
DE808,20,0,0,10,DE808-20
DE808,21,0,0,10,DE808-21
DE808,22,0,0,1,DE808-22
DE808,23,0,0,10,DE808-23
DE808,24,0,0,10,DE808-24
DE809,1,1,0,10,DE809-1
DE809,2,0,1,1,DE809-2
DE809,3,0,0,1,DE809-3
DE809,4,0,1,1,DE809-4
DE809,5,0,1,0,DE809-5
DE809,6,0,0,10,DE809-6
DE809,7,0,0,1,DE809-7
DE809,8,1,0,0,DE809-8
DE809,9,0,0,1,DE809-9
DE810,1,0,0,10,DE810-1
DE810,2,0,10,0,DE810-2
DE810,3,0,10,0,DE810-3
DE810,4,0,1,0,DE810-4
DE810,5,0,1,0,DE810-5
DE811,1,0,1,0,DE811-1
DE811,2,0,1,0,DE811-2
DE811,3,0,1,0,DE811-3
DE811,4,0,1,0,DE811-4
DE811,5,0,1,0,DE811-5
DE811,6,1,0,0,DE811-6
DE811,7,0,0,10,DE811-7
DE811,8,0,0,10,DE811-8
DE811,9,0,0,10,DE811-9
DE812,1,0,0,1,DE812-1
DE812,2,0,1,0,DE812-2
DE812,3,1,0,0,DE812-3
DE813,1,0,1,0,DE813-1
DE813,2,0,1,1,DE813-2
DE813,3,0,1,0,DE813-3
DE813,4,1,0,0,DE813-4
DE813,5,1,0,0,DE813-5
DE813,6,0,1,10,DE813-6
DE813,7,1,0,0,DE813-7
DE813,8,1,10,0,DE813-8
DE813,9,0,0,1,DE813-9
DE813,10,0,0,1,DE813-10
DE813,11,0,0,10,DE813-11
DE813,12,0,0,10,DE813-12
DE813,13,1,0,10,DE813-13
DE813,14,1,0,0,DE813-14
DE813,15,0,0,10,DE813-15
DE813,16,0,10,0,DE813-16
DE813,17,0,0,1,DE813-17
DE813,18,0,0,1,DE813-18
DE813,19,0,0,1,DE813-19
DE813,20,0,0,1,DE813-20
DE813,21,0,1,0,DE813-21
DE813,22,0,1,0,DE813-22
DE813,23,0,0,1,DE813-23
DE813,24,0,1,10,DE813-24
DE813,25,0,0,1,DE813-25
DE813,26,1,0,0,DE813-26
DE813,27,0,1,1,DE813-27
DE814,1,0,1,0,DE814-1
DE814,2,0,1,0,DE814-2
DE814,3,0,1,0,DE814-3
DE814,4,0,10,0,DE814-4
DE814,5,0,1,0,DE814-5
DE814,6,0,1,0,DE814-6
DE814,7,0,1,0,DE814-7
DE814,8,0,10,0,DE814-8
DE815,1,1,0,0,DE815-1
DE815,2,0,1,0,DE815-2
DE815,3,1,1,0,DE815-3
DE815,4,0,1,0,DE815-4
DE815,5,0,1,0,DE815-5
DE815,6,0,1,0,DE815-6
DE815,7,0,10,0,DE815-7
DE815,8,0,10,0,DE815-8
DE815,9,1,1,0,DE815-9
DE815,10,0,1,0,DE815-10
DE815,11,0,1,0,DE815-11
DE816,1,0,1,0,DE816-1
DE816,2,0,1,0,DE816-2
DE816,3,0,1,0,DE816-3
DE901,1,0,1,0,DE901-1
DE901,2,0,0,1,DE901-2
DE901,3,0,0,1,DE901-3
DE901,4,0,0,1,DE901-4
DE902,1,0,0,1,DE902-1
DE903,1,0,10,100,DE903-1
DE903,2,0,0,10,DE903-2
DE903,3,0,0,100,DE903-3
DE903,4,0,1,10,DE903-4
DE903,5,0,0,10,DE903-5
DE903,6,0,0,10,DE903-6
DE903,7,0,1,0,DE903-7
DE903,8,0,1,0,DE903-8
DE903,9,0,0,1,DE903-9
DE903,10,0,0,1,DE903-10
DE903,11,0,0,1,DE903-11
DE903,12,0,0,10,DE903-12
DE906,1,0,1,0,DE906-1
DE906,2,0,1,0,DE906-2
DE907,1,0,1,0,DE907-1
DE908,1,0,1,0,DE908-1
DE908,2,0,1,0,DE908-2
DE908,3,0,0,10,DE908-3
DE908,4,0,1,10,DE908-4
DE908,5,0,0,1,DE908-5
DE908,6,0,1,0,DE908-6
DE908,7,0,1,0,DE908-7
DE908,8,0,1,0,DE908-8
DE908,9,0,1,0,DE908-9
DE908,10,0,1,0,DE908-10
DE908,11,0,1,0,DE908-11
DE908,12,0,1,0,DE908-12
DE908,13,0,0,1,DE908-13
DE908,14,0,1,1,DE908-14
DE908,15,1,1,0,DE908-15
DE908,16,0,1,0,DE908-16
DE908,17,0,1,0,DE908-17
DE909,1,0,0,10,DE909-1
DE909,2,1,0,0,DE909-2
DE909,3,0,0,1,DE909-3
DE910,1,0,1,0,DE910-1
DE910,2,0,1,0,DE910-2
DE910,3,0,1,0,DE910-3
DE910,4,0,1,1,DE910-4
DE910,5,0,1,0,DE910-5
DE910,6,1,10,0,DE910-6
DE910,7,1,10,1,DE910-7
DE911,1,0,1,0,DE911-1
DE911,2,0,10,0,DE911-2
DE911,3,1,0,0,DE911-3
DE911,4,1,0,0,DE911-4
DE911,5,0,1,0,DE911-5
DE912,1,0,1,0,DE912-1
DE912,2,1,0,0,DE912-2
DE912,3,0,1,0,DE912-3
DE912,4,0,1,0,DE912-4
DE912,5,0,1,0,DE912-5
DE913,1,1,0,0,DE913-1
DE913,2,0,1,0,DE913-2
DE913,3,0,1,0,DE913-3
DE913,4,0,1,1,DE913-4
DE913,5,0,1,0,DE913-5
DE913,6,0,1,0,DE913-6
DE913,7,0,1,0,DE913-7
DE913,8,0,0,1,DE913-8
DE913,9,0,1,0,DE913-9
DE913,10,0,1,0,DE913-10
DE913,11,0,1,0,DE913-11
DE913,12,0,0,10,DE913-12
DE913,13,0,1,0,DE913-13
DE913,14,0,1,0,DE913-14
DE913,15,0,1,1,DE913-15
DE913,16,0,1,0,DE913-16
DE913,17,0,0,1,DE913-17
DE913,18,1,0,1,DE913-18
DE913,19,0,1,0,DE913-19
DE913,20,0,1,0,DE913-20
DE913,21,0,1,0,DE913-21
DE913,22,0,1,0,DE913-22
DE913,23,0,1,0,DE913-23
DE913,24,0,1,0,DE913-24
DE913,25,0,0,1,DE913-25
DE913,26,1,0,0,DE913-26
DE913,27,0,0,1,DE913-27
DE913,28,0,1,1,DE913-28
DE913,29,0,1,0,DE913-29
DE913,30,1,0,0,DE913-30
DE913,31,1,1,0,DE913-31
DE913,32,0,0,1,DE913-32
DE913,33,0,1,0,DE913-33
DE913,34,0,1,0,DE913-34
DE913,35,0,1,0,DE913-35
DE913,36,1,0,0,DE913-36
DE913,37,0,1,0,DE913-37
DE913,38,0,1,10,DE913-38
DE913,39,1,0,0,DE913-39
DE913,40,0,0,1,DE913-40
DE913,41,0,1,1,DE913-41
DE913,42,0,1,0,DE913-42
DE913,43,0,0,1,DE913-43
DE913,44,0,0,1,DE913-44
DE914,1,0,1,0,DE914-1
DE914,2,0,1,0,DE914-2
DE914,3,0,1,0,DE914-3
DE914,4,0,1,0,DE914-4
DE914,5,1,0,0,DE914-5
DE914,6,0,1,0,DE914-6
DE914,7,1,1,0,DE914-7
DE914,8,0,1,0,DE914-8
DE914,9,0,1,0,DE914-9
DE914,10,0,1,0,DE914-10
DE914,11,0,1,0,DE914-11
DE914,12,0,0,1,DE914-12
DE914,13,0,1,1,DE914-13
DE915,1,0,1,0,DE915-1
DE915,2,0,1,1,DE915-2
DE915,3,0,1,0,DE915-3
DE915,4,0,0,1,DE915-4
DE915,5,1,0,0,DE915-5
DE915,6,0,1,0,DE915-6
DE915,7,0,1,0,DE915-7
DE915,8,0,1,0,DE915-8
DE915,9,0,0,1,DE915-9
DE915,10,0,0,1,DE915-10
DE915,11,0,1,0,DE915-11
DE915,12,0,0,1,DE915-12
DE915,13,0,1,0,DE915-13
DE915,14,0,1,0,DE915-14
DE915,15,0,1,0,DE915-15
DE915,16,0,1,0,DE915-16
DE915,17,0,0,1,DE915-17
DE915,18,0,1,0,DE915-18
DE915,19,0,0,1,DE915-19
DE915,20,1,0,0,DE915-20
DE915,21,0,1,0,DE915-21
DE915,22,0,0,1,DE915-22
DE915,23,0,0,1,DE915-23
DE915,24,1,1,0,DE915-24
DE915,25,0,1,0,DE915-25
DE915,26,0,1,0,DE915-26
DE915,27,1,10,0,DE915-27
DE915,28,1,1,0,DE915-28
DE915,29,0,1,1,DE915-29
DE915,30,0,10,0,DE915-30
DE915,31,0,1,0,DE915-31
DE915,32,0,1,0,DE915-32
DE915,33,1,1,0,DE915-33
DE915,34,0,0,1,DE915-34
DE915,35,1,1,0,DE915-35
DE915,36,0,1,0,DE915-36
DE915,37,0,1,0,DE915-37
DE915,38,0,1,0,DE915-38
DE915,39,0,1,0,DE915-39
DE915,40,1,1,0,DE915-40
DE915,41,0,1,0,DE915-41
DE915,42,0,1,0,DE915-42
DE915,43,0,1,0,DE915-43
DE915,44,1,10,0,DE915-44
DE915,45,1,1,0,DE915-45
DE915,46,1,1,0,DE915-46
DE915,47,0,1,0,DE915-47
DE915,48,0,1,0,DE915-48
DE915,49,0,1,0,DE915-49
DE915,50,0,1,0,DE915-50
DE915,51,1,10,0,DE915-51
DE915,52,1,1,0,DE915-52
DE915,53,0,1,0,DE915-53
DE915,54,0,0,1,DE915-54
DE915,55,1,1,0,DE915-55
DE915,56,0,0,1,DE915-56
DE915,57,0,1,0,DE915-57
DE915,58,1,1,0,DE915-58
DE915,59,0,0,1,DE915-59
DE915,60,0,0,1,DE915-60
DE915,61,1,1,10,DE915-61
DE915,62,0,0,1,DE915-62
DE916,1,0,0,10,DE916-1
DE916,2,0,0,10,DE916-2
DE916,3,0,1,0,DE916-3
DE916,4,0,0,100,DE916-4
DE916,5,0,0,100,DE916-5
DE916,6,0,0,1000,DE916-6
DE916,7,0,0,10,DE916-7
DE916,8,0,0,10,DE916-8
DE916,9,0,0,1000,DE916-9
DE916,10,0,0,100,DE916-10
DE916,11,0,1,100,DE916-11
DE916,12,0,0,100,DE916-12
DE916,13,0,0,100,DE916-13
DE916,14,0,1,0,DE916-14
DE916,15,0,0,100,DE916-15
DE916,16,0,0,1,DE916-16
DE916,17,0,1,0,DE916-17
DE916,18,0,0,10,DE916-18
DE916,19,0,0,10,DE916-19
DE916,20,0,0,100,DE916-20
DE916,21,0,0,10,DE916-21
DE916,22,0,1,10,DE916-22
DE916,23,0,0,1,DE916-23
DE916,24,0,0,100,DE916-24
DE916,25,0,0,10,DE916-25
DE916,26,0,0,10,DE916-26
DE916,27,0,0,1,DE916-27
DE916,28,0,0,10,DE916-28
DE916,29,1,0,10,DE916-29
DE916,30,0,0,1,DE916-30
DE916,31,0,0,1,DE916-31
DE916,32,0,0,100,DE916-32
DE916,33,0,0,1,DE916-33
DE916,34,0,0,10,DE916-34
DE916,35,0,0,10,DE916-35
DE916,36,0,0,1,DE916-36
DE916,37,0,1,100,DE916-37
DE916,38,0,0,10,DE916-38
DE916,39,0,1,10,DE916-39
DE916,40,0,0,10,DE916-40
DE916,41,0,0,10,DE916-41
DE916,42,0,0,1,DE916-42
DE916,43,0,0,10,DE916-43
DE916,44,0,0,10,DE916-44
DE916,45,0,1,0,DE916-45
DE916,46,0,0,10,DE916-46
DE916,47,0,0,10,DE916-47
DE916,48,0,0,10,DE916-48
DE916,49,0,0,1,DE916-49
DE916,50,0,1,0,DE916-50
DE916,51,0,0,1,DE916-51
DE916,52,0,0,1,DE916-52
DE916,53,0,0,1,DE916-53
DE917,1,0,1,0,DE917-1
DE917,2,0,1,0,DE917-2
DE917,3,0,1,0,DE917-3
DE917,4,1,0,0,DE917-4
DE917,5,1,1,1,DE917-5
DE917,6,0,1,0,DE917-6
DE917,7,0,1,0,DE917-7
DE917,8,0,1,0,DE917-8
DE917,9,0,1,0,DE917-9
DE917,10,0,1,0,DE917-10
DE917,11,10,10,1,DE917-11
DE917,12,0,1,0,DE917-12
DE917,13,0,1,0,DE917-13
DE917,14,0,1,0,DE917-14
DE917,15,0,1,0,DE917-15
DE917,16,0,1,0,DE917-16
DE917,17,1,0,0,DE917-17
DE917,18,0,1,0,DE917-18
DE917,19,1,1,0,DE917-19
DE917,20,1,10,1,DE917-20
DE917,21,0,1,0,DE917-21
DE917,22,0,1,1,DE917-22
DE917,23,0,1,0,DE917-23
DE917,24,0,1,0,DE917-24
DE917,25,0,1,0,DE917-25
DE917,26,0,1,0,DE917-26
DE917,27,0,1,0,DE917-27
DE917,28,0,1,0,DE917-28
DE917,29,0,1,0,DE917-29
DE917,30,0,1,0,DE917-30
DE917,31,0,1,0,DE917-31
DE917,32,0,1,0,DE917-32
DE917,33,0,1,0,DE917-33
DE917,34,0,1,0,DE917-34
DE917,35,0,1,0,DE917-35
DE917,36,0,1,0,DE917-36
DE917,37,0,1,0,DE917-37
DE917,38,0,1,0,DE917-38
DE917,39,0,1,0,DE917-39
DE917,40,0,1,0,DE917-40
DE917,41,0,1,0,DE917-41
DE917,42,0,1,0,DE917-42
DE917,43,0,1,0,DE917-43
DE917,44,1,10,0,DE917-44
DE917,45,1,0,0,DE917-45
DE917,46,0,1,0,DE917-46
DE917,47,0,1,0,DE917-47
DE917,48,0,1,0,DE917-48
DE917,49,0,1,0,DE917-49
DE917,50,0,10,0,DE917-50
DE917,51,0,1,0,DE917-51
DE917,52,1,0,0,DE917-52
DE917,53,0,1,1,DE917-53
DE917,54,0,1,0,DE917-54
DE917,55,0,10,0,DE917-55
DE917,56,0,1,0,DE917-56
DE917,57,0,10,0,DE917-57
DE917,58,0,1,0,DE917-58
DE917,59,0,1,0,DE917-59
DE917,60,0,10,0,DE917-60
DE918,1,0,1,0,DE918-1
DE918,2,0,1,0,DE918-2
DE918,3,0,1,0,DE918-3
DE918,4,0,1,0,DE918-4
DE918,5,0,1,0,DE918-5
DE918,6,0,1,0,DE918-6
